# Существительные. Столбцы: en	pos	de	gender	plural	extra	domain
# gender: m, f, n; pl — только множественное число. plural «-» — множественного числа нет.
# extra: weak — слабое склонение (des Studenten); gen=… — особая форма род. п.; cf=… — форма в сложном слове.
# Строки одного слова: сначала значения областей (cs, lit), затем общее.
abbreviation	NOUN	Abkürzung	f	Abkürzungen
ability	NOUN	Fähigkeit	f	Fähigkeiten
absence	NOUN	Abwesenheit	f	-
abstraction	NOUN	Abstraktion	f	Abstraktionen
academic	NOUN	Akademiker	m	Akademiker
acceptance	NOUN	Akzeptanz	f	-
access	NOUN	Zugriff	m	Zugriffe		cs
access	NOUN	Zugang	m	Zugänge
accident	NOUN	Unfall	m	Unfälle
account	NOUN	Konto	n	Konten		cs
account	NOUN	Bericht	m	Berichte
accountability	NOUN	Rechenschaftspflicht	f	-
accounting	NOUN	Buchhaltung	f	-
accuracy	NOUN	Genauigkeit	f	-
acquaintance	NOUN	Bekanntschaft	f	Bekanntschaften
act	NOUN	Akt	m	Akte		lit
act	NOUN	Handlung	f	Handlungen
action	NOUN	Aktion	f	Aktionen		cs
action	NOUN	Handlung	f	Handlungen
activation	NOUN	Aktivierung	f	Aktivierungen
activity	NOUN	Tätigkeit	f	Tätigkeiten
actor	NOUN	Schauspieler	m	Schauspieler
adaptation	NOUN	Anpassung	f	Anpassungen		cs
adaptation	NOUN	Adaption	f	Adaptionen
addition	NOUN	Ergänzung	f	Ergänzungen
address	NOUN	Adresse	f	Adressen
adultery	NOUN	Ehebruch	m	Ehebrüche
adulthood	NOUN	Erwachsenenalter	n	-
advance	NOUN	Fortschritt	m	Fortschritte
advantage	NOUN	Vorteil	m	Vorteile
adventure	NOUN	Abenteuer	n	Abenteuer
advice	NOUN	Rat	m	Ratschläge
affair	NOUN	Angelegenheit	f	Angelegenheiten
age	NOUN	Zeitalter	n	Zeitalter		lit
age	NOUN	Alter	n	Alter
agency	NOUN	Behörde	f	Behörden
agent	NOUN	Agent	m	Agenten	weak
agreement	NOUN	Vereinbarung	f	Vereinbarungen
aim	NOUN	Ziel	n	Ziele
air	NOUN	Luft	f	Lüfte
airplane	NOUN	Flugzeug	n	Flugzeuge
alchemist	NOUN	Alchemist	m	Alchemisten	weak
algorithm	NOUN	Algorithmus	m	Algorithmen	cf=Algorithmen
alienation	NOUN	Entfremdung	f	-
allegory	NOUN	Allegorie	f	Allegorien
allocation	NOUN	Zuweisung	f	Zuweisungen
alternative	NOUN	Alternative	f	Alternativen
ambiguity	NOUN	Mehrdeutigkeit	f	Mehrdeutigkeiten
ambition	NOUN	Ehrgeiz	m	-
amount	NOUN	Menge	f	Mengen
analogy	NOUN	Analogie	f	Analogien
analyser	NOUN	Analysator	m	Analysatoren
analyzer	NOUN	Analysator	m	Analysatoren
analysis	NOUN	Analyse	f	Analysen
ancestor	NOUN	Vorfahr	m	Vorfahren	weak
anger	NOUN	Zorn	m	-
animal	NOUN	Tier	n	Tiere
annotation	NOUN	Annotation	f	Annotationen
answer	NOUN	Antwort	f	Antworten
antagonist	NOUN	Gegenspieler	m	Gegenspieler
antivirus	NOUN	Virenschutz	m	-
anxiety	NOUN	Angst	f	Ängste
appearance	NOUN	Erscheinung	f	Erscheinungen
application	NOUN	Anwendung	f	Anwendungen
approach	NOUN	Ansatz	m	Ansätze
architecture	NOUN	Architektur	f	Architekturen
archive	NOUN	Archiv	n	Archive
area	NOUN	Bereich	m	Bereiche
argument	NOUN	Argument	n	Argumente
aristocracy	NOUN	Aristokratie	f	Aristokratien
arithmetic	NOUN	Arithmetik	f	-
army	NOUN	Armee	f	Armeen
array	NOUN	Array	n	Arrays		cs
array	NOUN	Reihe	f	Reihen
arrest	NOUN	Verhaftung	f	Verhaftungen
art	NOUN	Kunst	f	Künste
article	NOUN	Artikel	m	Artikel
artist	NOUN	Künstler	m	Künstler
aspect	NOUN	Aspekt	m	Aspekte
assembler	NOUN	Assembler	m	Assembler
assembly	NOUN	Assembler	m	-		cs
assembly	NOUN	Versammlung	f	Versammlungen
assertion	NOUN	Behauptung	f	Behauptungen
asset	NOUN	Wert	m	Werte
assignment	NOUN	Zuweisung	f	Zuweisungen
assistance	NOUN	Hilfe	f	-
association	NOUN	Verbindung	f	Verbindungen
assumption	NOUN	Annahme	f	Annahmen
assurance	NOUN	Sicherung	f	Sicherungen
atmosphere	NOUN	Atmosphäre	f	Atmosphären
attack	NOUN	Angriff	m	Angriffe
attacker	NOUN	Angreifer	m	Angreifer
attempt	NOUN	Versuch	m	Versuche
attention	NOUN	Aufmerksamkeit	f	-
attitude	NOUN	Haltung	f	Haltungen
attribute	NOUN	Attribut	n	Attribute
audience	NOUN	Publikum	n	-
authentication	NOUN	Authentifizierung	f	Authentifizierungen
authenticity	NOUN	Authentizität	f	-
author	NOUN	Autor	m	Autoren
authority	NOUN	Autorität	f	Autoritäten
authorization	NOUN	Autorisierung	f	Autorisierungen
autobiography	NOUN	Autobiografie	f	Autobiografien
automation	NOUN	Automatisierung	f	-
automaton	NOUN	Automat	m	Automaten	weak
autonomy	NOUN	Autonomie	f	-
availability	NOUN	Verfügbarkeit	f	-
awareness	NOUN	Bewusstsein	n	-
background	NOUN	Hintergrund	m	Hintergründe
backpropagation	NOUN	Backpropagation	f	-
backup	NOUN	Sicherung	f	Sicherungen
balance	NOUN	Gleichgewicht	n	-
ball	NOUN	Ball	m	Bälle
bandwidth	NOUN	Bandbreite	f	Bandbreiten
bank	NOUN	Bank	f	Banken
base	NOUN	Basis	f	Basen
basis	NOUN	Grundlage	f	Grundlagen
battle	NOUN	Kampf	m	Kämpfe
beauty	NOUN	Schönheit	f	-
bed	NOUN	Bett	n	Betten
beginning	NOUN	Anfang	m	Anfänge
behalf	NOUN	Namen	m	-
behavior	NOUN	Verhalten	n	-
behaviour	NOUN	Verhalten	n	-
being	NOUN	Wesen	n	Wesen
belief	NOUN	Glaube	m	-	weak;gen=Glaubens
benefit	NOUN	Nutzen	m	-
betrayal	NOUN	Verrat	m	-
bias	NOUN	Verzerrung	f	Verzerrungen
bildungsroman	NOUN	Bildungsroman	m	Bildungsromane
bill	NOUN	Rechnung	f	Rechnungen
biography	NOUN	Biografie	f	Biografien
birth	NOUN	Geburt	f	Geburten
bit	NOUN	Bit	n	Bits		cs
bit	NOUN	Stück	n	Stücke
block	NOUN	Block	m	Blöcke
blood	NOUN	Blut	n	-
board	NOUN	Platine	f	Platinen		cs
board	NOUN	Brett	n	Bretter
body	NOUN	Körper	m	Körper
bond	NOUN	Bindung	f	Bindungen
book	NOUN	Buch	n	Bücher
bootstrap	NOUN	Bootstrap	m	Bootstraps
border	NOUN	Grenze	f	Grenzen
boundary	NOUN	Grenze	f	Grenzen
box	NOUN	Kasten	m	Kästen
boy	NOUN	Junge	m	Jungen	weak
brain	NOUN	Gehirn	n	Gehirne
branch	NOUN	Zweig	m	Zweige
breach	NOUN	Verletzung	f	Verletzungen
bride	NOUN	Braut	f	Bräute
brother	NOUN	Bruder	m	Brüder
browser	NOUN	Browser	m	Browser
buffer	NOUN	Puffer	m	Puffer
bug	NOUN	Fehler	m	Fehler		cs
bug	NOUN	Käfer	m	Käfer
building	NOUN	Gebäude	n	Gebäude
burial	NOUN	Begräbnis	n	Begräbnisse
business	NOUN	Unternehmen	n	Unternehmen		cs
business	NOUN	Geschäft	n	Geschäfte
byte	NOUN	Byte	n	Bytes
cache	NOUN	Cache	m	Caches
cadaver	NOUN	Leiche	f	Leichen
calculation	NOUN	Berechnung	f	Berechnungen
call	NOUN	Aufruf	m	Aufrufe		cs
call	NOUN	Ruf	m	Rufe
campaign	NOUN	Kampagne	f	Kampagnen
candour	NOUN	Offenheit	f	-
candor	NOUN	Offenheit	f	-
capability	NOUN	Fähigkeit	f	Fähigkeiten
capacity	NOUN	Kapazität	f	Kapazitäten
capital	NOUN	Hauptstadt	f	Hauptstädte
card	NOUN	Karte	f	Karten
care	NOUN	Pflege	f	-
career	NOUN	Karriere	f	Karrieren
case	NOUN	Fall	m	Fälle
cat	NOUN	Katze	f	Katzen
catalyst	NOUN	Katalysator	m	Katalysatoren
category	NOUN	Kategorie	f	Kategorien
cause	NOUN	Ursache	f	Ursachen
cd	NOUN	CD	f	CDs
cell	NOUN	Zelle	f	Zellen
censorship	NOUN	Zensur	f	-
center	NOUN	Zentrum	n	Zentren
centre	NOUN	Zentrum	n	Zentren
century	NOUN	Jahrhundert	n	Jahrhunderte
ceremony	NOUN	Zeremonie	f	Zeremonien
certainty	NOUN	Gewissheit	f	-
chain	NOUN	Kette	f	Ketten
challenge	NOUN	Herausforderung	f	Herausforderungen
chance	NOUN	Chance	f	Chancen
change	NOUN	Änderung	f	Änderungen		cs
change	NOUN	Veränderung	f	Veränderungen
channel	NOUN	Kanal	m	Kanäle
chapter	NOUN	Kapitel	n	Kapitel
character	NOUN	Zeichen	n	Zeichen		cs
character	NOUN	Figur	f	Figuren		lit
character	NOUN	Charakter	m	Charaktere
characteristic	NOUN	Merkmal	n	Merkmale
charge	NOUN	Anklage	f	Anklagen
chatbot	NOUN	Chatbot	m	Chatbots
check	NOUN	Prüfung	f	Prüfungen
child	NOUN	Kind	n	Kinder
childhood	NOUN	Kindheit	f	-
chip	NOUN	Chip	m	Chips
choice	NOUN	Wahl	f	-
church	NOUN	Kirche	f	Kirchen
circle	NOUN	Kreis	m	Kreise
circumstance	NOUN	Umstand	m	Umstände
citizen	NOUN	Bürger	m	Bürger
city	NOUN	Stadt	f	Städte
claim	NOUN	Behauptung	f	Behauptungen
class	NOUN	Klasse	f	Klassen
classic	NOUN	Klassiker	m	Klassiker
classification	NOUN	Klassifikation	f	Klassifikationen
client	NOUN	Client	m	Clients		cs
client	NOUN	Kunde	m	Kunden	weak
climax	NOUN	Höhepunkt	m	Höhepunkte
cloud	NOUN	Cloud	f	Clouds		cs
cloud	NOUN	Wolke	f	Wolken
cluster	NOUN	Cluster	m	Cluster
cnn	NOUN	CNN	n	CNNs
code	NOUN	Code	m	Codes
collection	NOUN	Sammlung	f	Sammlungen
combination	NOUN	Kombination	f	Kombinationen
comedy	NOUN	Komödie	f	Komödien
command	NOUN	Befehl	m	Befehle
comment	NOUN	Kommentar	m	Kommentare
commentary	NOUN	Kommentar	m	Kommentare
commerce	NOUN	Handel	m	-
commitment	NOUN	Verpflichtung	f	Verpflichtungen
communication	NOUN	Kommunikation	f	-
community	NOUN	Gemeinschaft	f	Gemeinschaften
companion	NOUN	Gefährte	m	Gefährten	weak
company	NOUN	Unternehmen	n	Unternehmen
comparison	NOUN	Vergleich	m	Vergleiche
compiler	NOUN	Compiler	m	Compiler
compiler-compiler	NOUN	Compiler-Compiler	m	Compiler-Compiler
compiling	NOUN	Kompilieren	n	-
completeness	NOUN	Vollständigkeit	f	-
complexity	NOUN	Komplexität	f	Komplexitäten
component	NOUN	Komponente	f	Komponenten
composite	NOUN	Zusammensetzung	f	Zusammensetzungen
composition	NOUN	Entstehung	f	-		lit
composition	NOUN	Zusammensetzung	f	Zusammensetzungen
computation	NOUN	Berechnung	f	Berechnungen
computer	NOUN	Computer	m	Computer
computing	NOUN	Informatik	f	-	cf=Rechen
concept	NOUN	Konzept	n	Konzepte		cs
concept	NOUN	Begriff	m	Begriffe
conceptualization	NOUN	Konzeptualisierung	f	Konzeptualisierungen
concern	NOUN	Sorge	f	Sorgen
conclusion	NOUN	Schlussfolgerung	f	Schlussfolgerungen
concurrency	NOUN	Nebenläufigkeit	f	-
condition	NOUN	Bedingung	f	Bedingungen
confidant	NOUN	Vertrauensperson	f	Vertrauenspersonen
confidentiality	NOUN	Vertraulichkeit	f	-
conflict	NOUN	Konflikt	m	Konflikte
conjunction	NOUN	Verbindung	f	Verbindungen
connection	NOUN	Verbindung	f	Verbindungen
conscience	NOUN	Gewissen	n	Gewissen
consciousness	NOUN	Bewusstsein	n	-
consequence	NOUN	Folge	f	Folgen
consistency	NOUN	Konsistenz	f	-
console	NOUN	Konsole	f	Konsolen
constraint	NOUN	Einschränkung	f	Einschränkungen
construction	NOUN	Konstruktion	f	Konstruktionen
consumer	NOUN	Verbraucher	m	Verbraucher
contact	NOUN	Kontakt	m	Kontakte
container	NOUN	Container	m	Container
content	NOUN	Inhalt	m	Inhalte
context	NOUN	Kontext	m	Kontexte
contract	NOUN	Vertrag	m	Verträge
contradiction	NOUN	Widerspruch	m	Widersprüche
contrast	NOUN	Gegensatz	m	Gegensätze
contribution	NOUN	Beitrag	m	Beiträge
control	NOUN	Steuerung	f	Steuerungen		cs
control	NOUN	Kontrolle	f	Kontrollen
controller	NOUN	Controller	m	Controller
convention	NOUN	Konvention	f	Konventionen
conventionality	NOUN	Konventionalität	f	-
conversation	NOUN	Gespräch	n	Gespräche
conversion	NOUN	Umwandlung	f	Umwandlungen
copy	NOUN	Kopie	f	Kopien
core	NOUN	Kern	m	Kerne
corpus	NOUN	Korpus	n	Korpora
correctness	NOUN	Korrektheit	f	-
correspondence	NOUN	Korrespondenz	f	-
corruption	NOUN	Beschädigung	f	Beschädigungen		cs
corruption	NOUN	Korruption	f	-
cost	NOUN	Kosten	pl	Kosten
country	NOUN	Land	n	Länder
couple	NOUN	Paar	n	Paare
courage	NOUN	Mut	m	-
course	NOUN	Lauf	m	Läufe
court	NOUN	Hof	m	Höfe		lit
court	NOUN	Gericht	n	Gerichte
courtship	NOUN	Werbung	f	-
cousin	NOUN	Cousin	m	Cousins
cover	NOUN	Umschlag	m	Umschläge
coverture	NOUN	Ehevormundschaft	f	-
cpu	NOUN	CPU	f	CPUs
creation	NOUN	Erstellung	f	Erstellungen		cs
creation	NOUN	Schöpfung	f	Schöpfungen		lit
creation	NOUN	Schaffung	f	-
creativity	NOUN	Kreativität	f	-
creator	NOUN	Schöpfer	m	Schöpfer
creature	NOUN	Kreatur	f	Kreaturen
credibility	NOUN	Glaubwürdigkeit	f	-
crime	NOUN	Verbrechen	n	Verbrechen
crisis	NOUN	Krise	f	Krisen
criterion	NOUN	Kriterium	n	Kriterien
critic	NOUN	Kritiker	m	Kritiker
criticism	NOUN	Kritik	f	Kritiken
cross-compiler	NOUN	Cross-Compiler	m	Cross-Compiler
cryptography	NOUN	Kryptografie	f	-
cue	NOUN	Hinweis	m	Hinweise
cult	NOUN	Kult	m	Kulte
culture	NOUN	Kultur	f	Kulturen
curiosity	NOUN	Neugier	f	-
custom	NOUN	Brauch	m	Bräuche
customer	NOUN	Kunde	m	Kunden	weak
customization	NOUN	Anpassung	f	Anpassungen
cycle	NOUN	Zyklus	m	Zyklen
damage	NOUN	Schaden	m	Schäden
danger	NOUN	Gefahr	f	Gefahren
data	NOUN	Daten	pl	Daten
database	NOUN	Datenbank	f	Datenbanken
dataset	NOUN	Datensatz	m	Datensätze
date	NOUN	Datum	n	Daten
daughter	NOUN	Tochter	f	Töchter
day	NOUN	Tag	m	Tage
death	NOUN	Tod	m	-
debate	NOUN	Debatte	f	Debatten
decade	NOUN	Jahrzehnt	n	Jahrzehnte
deception	NOUN	Täuschung	f	Täuschungen
decision	NOUN	Entscheidung	f	Entscheidungen
decompiler	NOUN	Decompiler	m	Decompiler
defence	NOUN	Verteidigung	f	-
defense	NOUN	Verteidigung	f	-
definition	NOUN	Definition	f	Definitionen
degree	NOUN	Grad	m	Grade
delay	NOUN	Verzögerung	f	Verzögerungen
deletion	NOUN	Löschung	f	Löschungen
demand	NOUN	Nachfrage	f	-
democracy	NOUN	Demokratie	f	Demokratien
demon	NOUN	Dämon	m	Dämonen
denial	NOUN	Verweigerung	f	Verweigerungen
denial-of-service	NOUN	Dienstblockade	f	Dienstblockaden
department	NOUN	Abteilung	f	Abteilungen
dependency	NOUN	Abhängigkeit	f	Abhängigkeiten
depth	NOUN	Tiefe	f	Tiefen
derivative	NOUN	Ableitung	f	Ableitungen
description	NOUN	Beschreibung	f	Beschreibungen
design	NOUN	Entwurf	m	Entwürfe		cs
design	NOUN	Gestaltung	f	Gestaltungen
designer	NOUN	Designer	m	Designer
desire	NOUN	Verlangen	n	-		lit
desire	NOUN	Wunsch	m	Wünsche
despair	NOUN	Verzweiflung	f	-
destiny	NOUN	Schicksal	n	Schicksale
destruction	NOUN	Zerstörung	f	Zerstörungen
detail	NOUN	Detail	n	Details
detection	NOUN	Erkennung	f	Erkennungen
developer	NOUN	Entwickler	m	Entwickler
development	NOUN	Entwicklung	f	Entwicklungen
device	NOUN	Gerät	n	Geräte
devil	NOUN	Teufel	m	Teufel
diagram	NOUN	Diagramm	n	Diagramme
dialogue	NOUN	Dialog	m	Dialoge
dialog	NOUN	Dialog	m	Dialoge
dictionary	NOUN	Wörterbuch	n	Wörterbücher
difference	NOUN	Unterschied	m	Unterschiede
difficulty	NOUN	Schwierigkeit	f	Schwierigkeiten
dignity	NOUN	Würde	f	-
dimension	NOUN	Dimension	f	Dimensionen
direction	NOUN	Richtung	f	Richtungen
director	NOUN	Regisseur	m	Regisseure		lit
director	NOUN	Direktor	m	Direktoren
directory	NOUN	Verzeichnis	n	Verzeichnisse
disappointment	NOUN	Enttäuschung	f	Enttäuschungen
discernment	NOUN	Urteilsvermögen	n	-
discipline	NOUN	Disziplin	f	Disziplinen
disclosure	NOUN	Offenlegung	f	Offenlegungen
discourse	NOUN	Diskurs	m	Diskurse
discovery	NOUN	Entdeckung	f	Entdeckungen
discussion	NOUN	Diskussion	f	Diskussionen
disease	NOUN	Krankheit	f	Krankheiten
disk	NOUN	Festplatte	f	Festplatten
disillusionment	NOUN	Ernüchterung	f	-
dispatch	NOUN	Zuteilung	f	Zuteilungen
display	NOUN	Anzeige	f	Anzeigen
disruption	NOUN	Störung	f	Störungen
dissatisfaction	NOUN	Unzufriedenheit	f	-
dissecting	NOUN	Sezieren	n	-
distance	NOUN	Entfernung	f	Entfernungen
distinction	NOUN	Unterscheidung	f	Unterscheidungen
distribution	NOUN	Verteilung	f	Verteilungen
distrust	NOUN	Misstrauen	n	-
dock	NOUN	Dock	n	Docks
doctor	NOUN	Arzt	m	Ärzte
doctrine	NOUN	Lehre	f	Lehren
document	NOUN	Dokument	n	Dokumente
documentation	NOUN	Dokumentation	f	Dokumentationen
domain	NOUN	Domäne	f	Domänen		cs
domain	NOUN	Bereich	m	Bereiche
door	NOUN	Tür	f	Türen
doubt	NOUN	Zweifel	m	Zweifel
downfall	NOUN	Untergang	m	Untergänge
draft	NOUN	Entwurf	m	Entwürfe
drama	NOUN	Drama	n	Dramen
drawing	NOUN	Zeichnung	f	Zeichnungen
dream	NOUN	Traum	m	Träume
drive	NOUN	Laufwerk	n	Laufwerke		cs
drive	NOUN	Antrieb	m	Antriebe
driver	NOUN	Treiber	m	Treiber		cs
driver	NOUN	Fahrer	m	Fahrer
duty	NOUN	Pflicht	f	Pflichten
dust	NOUN	Staub	m	-
earth	NOUN	Erde	f	-
economy	NOUN	Wirtschaft	f	-
edge	NOUN	Kante	f	Kanten		cs
edge	NOUN	Rand	m	Ränder
edition	NOUN	Ausgabe	f	Ausgaben
editor	NOUN	Editor	m	Editoren		cs
editor	NOUN	Lektor	m	Lektoren		lit
editor	NOUN	Herausgeber	m	Herausgeber
education	NOUN	Bildung	f	-
effect	NOUN	Wirkung	f	Wirkungen
efficiency	NOUN	Effizienz	f	-
effort	NOUN	Aufwand	m	-
electricity	NOUN	Elektrizität	f	-
element	NOUN	Element	n	Elemente
email	NOUN	E-Mail	f	E-Mails
e-mail	NOUN	E-Mail	f	E-Mails
emotion	NOUN	Emotion	f	Emotionen
emphasis	NOUN	Betonung	f	-
empire	NOUN	Reich	n	Reiche
employee	NOUN	Mitarbeiter	m	Mitarbeiter
encoding	NOUN	Kodierung	f	Kodierungen
encryption	NOUN	Verschlüsselung	f	Verschlüsselungen
end	NOUN	Ende	n	Enden
enemy	NOUN	Feind	m	Feinde
energy	NOUN	Energie	f	Energien
engine	NOUN	Maschine	f	Maschinen
engineer	NOUN	Ingenieur	m	Ingenieure
engineering	NOUN	Technik	f	-
enterprise	NOUN	Unternehmen	n	Unternehmen
entity	NOUN	Entität	f	Entitäten
entrapment	NOUN	Gefangenschaft	f	-
entry	NOUN	Eintrag	m	Einträge
environment	NOUN	Umgebung	f	Umgebungen		cs
environment	NOUN	Umwelt	f	-
equality	NOUN	Gleichheit	f	-
equation	NOUN	Gleichung	f	Gleichungen
equipment	NOUN	Ausrüstung	f	-
era	NOUN	Epoche	f	Epochen
error	NOUN	Fehler	m	Fehler
escape	NOUN	Flucht	f	-
essay	NOUN	Essay	m	Essays
essence	NOUN	Wesen	n	-
estate	NOUN	Anwesen	n	Anwesen
estimation	NOUN	Schätzung	f	Schätzungen
evaluation	NOUN	Bewertung	f	Bewertungen
event	NOUN	Ereignis	n	Ereignisse
evidence	NOUN	Beleg	m	Belege
evil	NOUN	Böse	n	-
evolution	NOUN	Evolution	f	-
example	NOUN	Beispiel	n	Beispiele
exception	NOUN	Ausnahme	f	Ausnahmen
exchange	NOUN	Austausch	m	-
execution	NOUN	Ausführung	f	Ausführungen
existence	NOUN	Existenz	f	Existenzen
existentialism	NOUN	Existenzialismus	m	-
expectation	NOUN	Erwartung	f	Erwartungen
experience	NOUN	Erfahrung	f	Erfahrungen
experiment	NOUN	Experiment	n	Experimente
expert	NOUN	Experte	m	Experten	weak
explanation	NOUN	Erklärung	f	Erklärungen
exploration	NOUN	Erforschung	f	Erforschungen
expression	NOUN	Ausdruck	m	Ausdrücke
extension	NOUN	Erweiterung	f	Erweiterungen
extent	NOUN	Ausmaß	n	Ausmaße
eye	NOUN	Auge	n	Augen
face	NOUN	Gesicht	n	Gesichter
fact	NOUN	Tatsache	f	Tatsachen
factor	NOUN	Faktor	m	Faktoren
failure	NOUN	Ausfall	m	Ausfälle		cs
failure	NOUN	Scheitern	n	-
faith	NOUN	Glaube	m	-	weak;gen=Glaubens
fame	NOUN	Ruhm	m	-
family	NOUN	Familie	f	Familien
fantasy	NOUN	Fantasie	f	Fantasien
fate	NOUN	Schicksal	n	Schicksale
father	NOUN	Vater	m	Väter
fault	NOUN	Fehler	m	Fehler
fear	NOUN	Angst	f	Ängste
feature	NOUN	Merkmal	n	Merkmale
feedback	NOUN	Rückmeldung	f	Rückmeldungen
feeling	NOUN	Gefühl	n	Gefühle
female	NOUN	Frau	f	Frauen
feminism	NOUN	Feminismus	m	-
fiction	NOUN	Fiktion	f	Fiktionen
fiend	NOUN	Unhold	m	Unholde
field	NOUN	Feld	n	Felder		cs
field	NOUN	Gebiet	n	Gebiete
figure	NOUN	Figur	f	Figuren		lit
figure	NOUN	Abbildung	f	Abbildungen		cs
figure	NOUN	Gestalt	f	Gestalten
file	NOUN	Datei	f	Dateien
film	NOUN	Film	m	Filme
filter	NOUN	Filter	m	Filter
finding	NOUN	Erkenntnis	f	Erkenntnisse
fire	NOUN	Feuer	n	Feuer
firewall	NOUN	Firewall	f	Firewalls
first-person	NOUN	Ich-Perspektive	f	-
flash	NOUN	Blitz	m	Blitze
flaw	NOUN	Schwäche	f	Schwächen
flexibility	NOUN	Flexibilität	f	-
flood	NOUN	Flut	f	Fluten
flow	NOUN	Fluss	m	Flüsse
focus	NOUN	Schwerpunkt	m	Schwerpunkte
folly	NOUN	Torheit	f	Torheiten
font	NOUN	Schriftart	f	Schriftarten
food	NOUN	Essen	n	-
foot	NOUN	Fuß	m	Füße
force	NOUN	Kraft	f	Kräfte
form	NOUN	Form	f	Formen
format	NOUN	Format	n	Formate
fortune	NOUN	Vermögen	n	Vermögen
foundation	NOUN	Grundlage	f	Grundlagen
fragment	NOUN	Fragment	n	Fragmente
frame	NOUN	Rahmen	m	Rahmen
framework	NOUN	Framework	n	Frameworks		cs
framework	NOUN	Rahmen	m	Rahmen
freedom	NOUN	Freiheit	f	Freiheiten
frequency	NOUN	Häufigkeit	f	Häufigkeiten
friend	NOUN	Freund	m	Freunde
friendship	NOUN	Freundschaft	f	Freundschaften
front	NOUN	Vorderseite	f	Vorderseiten
function	NOUN	Funktion	f	Funktionen
functionality	NOUN	Funktionalität	f	Funktionalitäten
future	NOUN	Zukunft	f	-
gain	NOUN	Gewinn	m	Gewinne
game	NOUN	Spiel	n	Spiele
gap	NOUN	Lücke	f	Lücken
garden	NOUN	Garten	m	Gärten
gate	NOUN	Gatter	n	Gatter		cs
gate	NOUN	Tor	n	Tore
gender	NOUN	Geschlecht	n	Geschlechter
generation	NOUN	Erzeugung	f	Erzeugungen		cs
generation	NOUN	Generation	f	Generationen
genius	NOUN	Genie	n	Genies
genre	NOUN	Gattung	f	Gattungen
ghost	NOUN	Geist	m	Geister
girl	NOUN	Mädchen	n	Mädchen
goal	NOUN	Ziel	n	Ziele
god	NOUN	Gott	m	Götter
goodness	NOUN	Güte	f	-
government	NOUN	Regierung	f	Regierungen
governess	NOUN	Gouvernante	f	Gouvernanten
gpu	NOUN	GPU	f	GPUs
grammar	NOUN	Grammatik	f	Grammatiken
graph	NOUN	Graph	m	Graphen	weak
graphic	NOUN	Grafik	f	Grafiken
grave	NOUN	Grab	n	Gräber
grief	NOUN	Trauer	f	-
ground	NOUN	Boden	m	Böden
group	NOUN	Gruppe	f	Gruppen
growth	NOUN	Wachstum	n	-
guidance	NOUN	Anleitung	f	Anleitungen
guide	NOUN	Leitfaden	m	Leitfäden
guilt	NOUN	Schuld	f	-
habit	NOUN	Gewohnheit	f	Gewohnheiten
half	NOUN	Hälfte	f	Hälften
hand	NOUN	Hand	f	Hände
happiness	NOUN	Glück	n	-
hardware	NOUN	Hardware	f	-
harm	NOUN	Schaden	m	Schäden
hash	NOUN	Hashwert	m	Hashwerte
hatred	NOUN	Hass	m	-
head	NOUN	Kopf	m	Köpfe
health	NOUN	Gesundheit	f	-
heart	NOUN	Herz	n	Herzen	gen=Herzens
heaven	NOUN	Himmel	m	Himmel
helicopter	NOUN	Hubschrauber	m	Hubschrauber
hero	NOUN	Held	m	Helden	weak
heroine	NOUN	Heldin	f	Heldinnen
heroism	NOUN	Heldentum	n	-
hesitation	NOUN	Zögern	n	-
heuristic	NOUN	Heuristik	f	Heuristiken
hierarchy	NOUN	Hierarchie	f	Hierarchien
historian	NOUN	Historiker	m	Historiker
history	NOUN	Geschichte	f	Geschichten	cf=Geschichts
home	NOUN	Zuhause	n	-
honour	NOUN	Ehre	f	-
honor	NOUN	Ehre	f	-
hope	NOUN	Hoffnung	f	Hoffnungen
horror	NOUN	Grauen	n	-
host	NOUN	Host	m	Hosts		cs
host	NOUN	Gastgeber	m	Gastgeber
hour	NOUN	Stunde	f	Stunden
house	NOUN	Haus	n	Häuser
household	NOUN	Haushalt	m	Haushalte
human	NOUN	Mensch	m	Menschen	weak
humanist	NOUN	Humanist	m	Humanisten	weak
humanity	NOUN	Menschheit	f	-
humiliation	NOUN	Demütigung	f	Demütigungen
humour	NOUN	Humor	m	-
humor	NOUN	Humor	m	-
husband	NOUN	Ehemann	m	Ehemänner
hypothesis	NOUN	Hypothese	f	Hypothesen
idea	NOUN	Idee	f	Ideen
ideal	NOUN	Ideal	n	Ideale
identification	NOUN	Identifizierung	f	Identifizierungen
identity	NOUN	Identität	f	Identitäten
ideology	NOUN	Ideologie	f	Ideologien
ignorance	NOUN	Unwissenheit	f	-
illusion	NOUN	Illusion	f	Illusionen
image	NOUN	Bild	n	Bilder
imagery	NOUN	Bildsprache	f	-
imagination	NOUN	Vorstellungskraft	f	-
impact	NOUN	Auswirkung	f	Auswirkungen
implementation	NOUN	Implementierung	f	Implementierungen
implementer	NOUN	Implementierer	m	Implementierer
importance	NOUN	Bedeutung	f	-
impression	NOUN	Eindruck	m	Eindrücke
imprisonment	NOUN	Gefangenschaft	f	-
improvement	NOUN	Verbesserung	f	Verbesserungen
inability	NOUN	Unfähigkeit	f	-
incident	NOUN	Vorfall	m	Vorfälle
income	NOUN	Einkommen	n	Einkommen
increase	NOUN	Zunahme	f	Zunahmen
independence	NOUN	Unabhängigkeit	f	-
index	NOUN	Index	m	Indizes
individual	NOUN	Individuum	n	Individuen
individuality	NOUN	Individualität	f	-
industry	NOUN	Industrie	f	Industrien
inequality	NOUN	Ungleichheit	f	Ungleichheiten
inference	NOUN	Inferenz	f	Inferenzen
influence	NOUN	Einfluss	m	Einflüsse
information	NOUN	Information	f	Informationen
infosec	NOUN	Informationssicherheit	f	-
infrastructure	NOUN	Infrastruktur	f	Infrastrukturen
inheritance	NOUN	Erbe	n	-
initiative	NOUN	Initiative	f	Initiativen
injustice	NOUN	Ungerechtigkeit	f	Ungerechtigkeiten
innocence	NOUN	Unschuld	f	-
innovation	NOUN	Innovation	f	Innovationen
input	NOUN	Eingabe	f	Eingaben
insect	NOUN	Insekt	n	Insekten
insight	NOUN	Erkenntnis	f	Erkenntnisse
inspection	NOUN	Prüfung	f	Prüfungen
inspiration	NOUN	Inspiration	f	Inspirationen
installation	NOUN	Installation	f	Installationen
instance	NOUN	Instanz	f	Instanzen		cs
instance	NOUN	Fall	m	Fälle
institution	NOUN	Institution	f	Institutionen
instruction	NOUN	Anweisung	f	Anweisungen
integration	NOUN	Integration	f	Integrationen
integrator	NOUN	Integrator	m	Integratoren
integrity	NOUN	Integrität	f	-
intellect	NOUN	Verstand	m	-
intelligence	NOUN	Intelligenz	f	-
intensity	NOUN	Intensität	f	Intensitäten
intent	NOUN	Absicht	f	Absichten
intention	NOUN	Absicht	f	Absichten
interaction	NOUN	Interaktion	f	Interaktionen
interest	NOUN	Interesse	n	Interessen
interface	NOUN	Schnittstelle	f	Schnittstellen
interlingua	NOUN	Interlingua	f	-
intermediary	NOUN	Vermittler	m	Vermittler
internet	NOUN	Internet	n	-
interpretation	NOUN	Interpretation	f	Interpretationen
interpreter	NOUN	Interpreter	m	Interpreter		cs
interpreter	NOUN	Dolmetscher	m	Dolmetscher
interrupt	NOUN	Interrupt	m	Interrupts
intervention	NOUN	Eingriff	m	Eingriffe
introduction	NOUN	Einführung	f	Einführungen
intrusion	NOUN	Eindringen	n	-
invention	NOUN	Erfindung	f	Erfindungen
inventor	NOUN	Erfinder	m	Erfinder
investigation	NOUN	Untersuchung	f	Untersuchungen
io	NOUN	E/A	f	-
irony	NOUN	Ironie	f	-
island	NOUN	Insel	f	Inseln
isolation	NOUN	Isolation	f	-
issue	NOUN	Problem	n	Probleme
item	NOUN	Element	n	Elemente
iteration	NOUN	Iteration	f	Iterationen
jacket	NOUN	Jacke	f	Jacken
jealousy	NOUN	Eifersucht	f	-
job	NOUN	Aufgabe	f	Aufgaben
journal	NOUN	Zeitschrift	f	Zeitschriften
journey	NOUN	Reise	f	Reisen
joy	NOUN	Freude	f	Freuden
judgment	NOUN	Urteil	n	Urteile
judgement	NOUN	Urteil	n	Urteile
justice	NOUN	Gerechtigkeit	f	-
kernel	NOUN	Kernel	m	Kernel		cs
kernel	NOUN	Kern	m	Kerne
key	NOUN	Schlüssel	m	Schlüssel
keyboard	NOUN	Tastatur	f	Tastaturen
kilometre	NOUN	Kilometer	m	Kilometer
kilometer	NOUN	Kilometer	m	Kilometer
kind	NOUN	Art	f	Arten
king	NOUN	König	m	Könige
kingdom	NOUN	Königreich	n	Königreiche
knowledge	NOUN	Wissen	n	-
label	NOUN	Bezeichnung	f	Bezeichnungen
labour	NOUN	Arbeit	f	-
labor	NOUN	Arbeit	f	-
lack	NOUN	Mangel	m	Mängel
lady	NOUN	Dame	f	Damen
land	NOUN	Land	n	Länder
language	NOUN	Sprache	f	Sprachen	cf=Sprach
laptop	NOUN	Laptop	m	Laptops
latency	NOUN	Latenz	f	Latenzen
law	NOUN	Gesetz	n	Gesetze
layer	NOUN	Schicht	f	Schichten
layout	NOUN	Layout	n	Layouts
leader	NOUN	Anführer	m	Anführer
learning	NOUN	Lernen	n	-	cf=Lern
length	NOUN	Länge	f	Längen
lesson	NOUN	Lektion	f	Lektionen
letter	NOUN	Brief	m	Briefe		lit
letter	NOUN	Buchstabe	m	Buchstaben	weak;gen=Buchstabens
level	NOUN	Ebene	f	Ebenen
liability	NOUN	Haftung	f	-
library	NOUN	Bibliothek	f	Bibliotheken
life	NOUN	Leben	n	Leben
light	NOUN	Licht	n	Lichter
limit	NOUN	Grenze	f	Grenzen
limitation	NOUN	Einschränkung	f	Einschränkungen
line	NOUN	Zeile	f	Zeilen
linguist	NOUN	Linguist	m	Linguisten	weak
linguistics	NOUN	Linguistik	f	-
link	NOUN	Link	m	Links		cs
link	NOUN	Verbindung	f	Verbindungen
linker	NOUN	Linker	m	Linker
list	NOUN	Liste	f	Listen
literature	NOUN	Literatur	f	Literaturen
loan	NOUN	Darlehen	n	Darlehen
location	NOUN	Ort	m	Orte
lock	NOUN	Sperre	f	Sperren
log	NOUN	Protokoll	n	Protokolle
logic	NOUN	Logik	f	-
loop	NOUN	Schleife	f	Schleifen
loss	NOUN	Verlust	m	Verluste
love	NOUN	Liebe	f	-
lover	NOUN	Liebhaber	m	Liebhaber
loyalty	NOUN	Treue	f	-
machine	NOUN	Maschine	f	Maschinen
madness	NOUN	Wahnsinn	m	-
maker	NOUN	Hersteller	m	Hersteller
male	NOUN	Mann	m	Männer
malware	NOUN	Schadsoftware	f	-
man	NOUN	Mensch	m	Menschen	weak	lit
man	NOUN	Mann	m	Männer
management	NOUN	Verwaltung	f	Verwaltungen		cs
management	NOUN	Management	n	-
manager	NOUN	Manager	m	Manager
manner	NOUN	Weise	f	Weisen
manners	NOUN	Manieren	pl	Manieren
manuscript	NOUN	Manuskript	n	Manuskripte
map	NOUN	Karte	f	Karten
mapping	NOUN	Abbildung	f	Abbildungen
market	NOUN	Markt	m	Märkte
marriage	NOUN	Ehe	f	Ehen
mass	NOUN	Masse	f	Massen
master	NOUN	Meister	m	Meister
material	NOUN	Material	n	Materialien
mathematics	NOUN	Mathematik	f	-
matrix	NOUN	Matrix	f	Matrizen
matter	NOUN	Sache	f	Sachen
maturity	NOUN	Reife	f	-
meaning	NOUN	Bedeutung	f	Bedeutungen
means	NOUN	Mittel	n	Mittel
measure	NOUN	Maßnahme	f	Maßnahmen
mechanism	NOUN	Mechanismus	m	Mechanismen
media	NOUN	Medien	pl	Medien
medium	NOUN	Medium	n	Medien
meeting	NOUN	Treffen	n	Treffen
member	NOUN	Mitglied	n	Mitglieder
memory	NOUN	Speicher	m	Speicher		cs
memory	NOUN	Erinnerung	f	Erinnerungen
mercy	NOUN	Gnade	f	-
merit	NOUN	Verdienst	m	Verdienste
message	NOUN	Nachricht	f	Nachrichten
metadata	NOUN	Metadaten	pl	Metadaten
metaphor	NOUN	Metapher	f	Metaphern
method	NOUN	Methode	f	Methoden
methodology	NOUN	Methodik	f	Methodiken
metric	NOUN	Metrik	f	Metriken
microformat	NOUN	Mikroformat	n	Mikroformate
microphone	NOUN	Mikrofon	n	Mikrofone
middle	NOUN	Mitte	f	-
millionaire	NOUN	Millionär	m	Millionäre
mind	NOUN	Geist	m	Geister
minimization	NOUN	Minimierung	f	Minimierungen
minister	NOUN	Minister	m	Minister
ministry	NOUN	Ministerium	n	Ministerien
minute	NOUN	Minute	f	Minuten
mirror	NOUN	Spiegel	m	Spiegel
misery	NOUN	Elend	n	-
misnomer	NOUN	Fehlbezeichnung	f	Fehlbezeichnungen
mission	NOUN	Mission	f	Missionen
mistake	NOUN	Fehler	m	Fehler
mmu	NOUN	MMU	f	MMUs
mode	NOUN	Modus	m	Modi
model	NOUN	Modell	n	Modelle
modeling	NOUN	Modellierung	f	Modellierungen
modelling	NOUN	Modellierung	f	Modellierungen
modification	NOUN	Änderung	f	Änderungen
module	NOUN	Modul	n	Module
moment	NOUN	Moment	m	Momente
money	NOUN	Geld	n	Gelder
monitor	NOUN	Monitor	m	Monitore
monologue	NOUN	Monolog	m	Monologe
monster	NOUN	Monster	n	Monster
month	NOUN	Monat	m	Monate
mood	NOUN	Stimmung	f	Stimmungen
morality	NOUN	Moral	f	-
mother	NOUN	Mutter	f	Mütter
motif	NOUN	Motiv	n	Motive
motion-picture	NOUN	Spielfilm	m	Spielfilme
motivation	NOUN	Motivation	f	Motivationen
motive	NOUN	Motiv	n	Motive
mouse	NOUN	Maus	f	Mäuse
move	NOUN	Schritt	m	Schritte
movement	NOUN	Bewegung	f	Bewegungen
mt	NOUN	maschinelle Übersetzung	f	-
murder	NOUN	Mord	m	Morde
music	NOUN	Musik	f	-
mystery	NOUN	Geheimnis	n	Geheimnisse
myriad	NOUN	Vielzahl	f	-
myth	NOUN	Mythos	m	Mythen
name	NOUN	Name	m	Namen	weak;gen=Namens
narrative	NOUN	Erzählung	f	Erzählungen
narrator	NOUN	Erzähler	m	Erzähler
nation	NOUN	Nation	f	Nationen
nationalism	NOUN	Nationalismus	m	-
nature	NOUN	Natur	f	-
necessity	NOUN	Notwendigkeit	f	Notwendigkeiten
need	NOUN	Bedürfnis	n	Bedürfnisse
negationism	NOUN	Negationismus	m	-
neglect	NOUN	Vernachlässigung	f	-
neighbour	NOUN	Nachbar	m	Nachbarn	weak
neighbor	NOUN	Nachbar	m	Nachbarn	weak
network	NOUN	Netzwerk	n	Netzwerke
neuron	NOUN	Neuron	n	Neuronen
news	NOUN	Nachrichten	pl	Nachrichten
newspaper	NOUN	Zeitung	f	Zeitungen
night	NOUN	Nacht	f	Nächte
node	NOUN	Knoten	m	Knoten
noise	NOUN	Rauschen	n	-
non-repudiation	NOUN	Nichtabstreitbarkeit	f	-
norm	NOUN	Norm	f	Normen
notation	NOUN	Notation	f	Notationen
note	NOUN	Notiz	f	Notizen
notion	NOUN	Vorstellung	f	Vorstellungen
novel	NOUN	Roman	m	Romane
novelist	NOUN	Romanautor	m	Romanautoren
nuance	NOUN	Nuance	f	Nuancen
number	NOUN	Anzahl	f	-
obedience	NOUN	Gehorsam	m	-
object	NOUN	Objekt	n	Objekte		cs
object	NOUN	Gegenstand	m	Gegenstände
objective	NOUN	Ziel	n	Ziele
obligation	NOUN	Verpflichtung	f	Verpflichtungen
observation	NOUN	Beobachtung	f	Beobachtungen
obsession	NOUN	Besessenheit	f	-
obstacle	NOUN	Hindernis	n	Hindernisse
occult	NOUN	Okkultismus	m	-
office	NOUN	Büro	n	Büros
officer	NOUN	Offizier	m	Offiziere
ontology	NOUN	Ontologie	f	Ontologien
operation	NOUN	Operation	f	Operationen
operator	NOUN	Operator	m	Operatoren
opinion	NOUN	Meinung	f	Meinungen
opportunity	NOUN	Gelegenheit	f	Gelegenheiten
opposite	NOUN	Gegenteil	n	Gegenteile
opposition	NOUN	Widerstand	m	-
oppression	NOUN	Unterdrückung	f	-
optimism	NOUN	Optimismus	m	-
optimization	NOUN	Optimierung	f	Optimierungen
optimisation	NOUN	Optimierung	f	Optimierungen
option	NOUN	Option	f	Optionen
order	NOUN	Ordnung	f	Ordnungen
organisation	NOUN	Organisation	f	Organisationen
organization	NOUN	Organisation	f	Organisationen
origin	NOUN	Ursprung	m	Ursprünge
outcome	NOUN	Ergebnis	n	Ergebnisse
outline	NOUN	Umriss	m	Umrisse
output	NOUN	Ausgabe	f	Ausgaben
overview	NOUN	Überblick	m	Überblicke
owner	NOUN	Besitzer	m	Besitzer
package	NOUN	Paket	n	Pakete
packet	NOUN	Paket	n	Pakete
page	NOUN	Seite	f	Seiten
paging	NOUN	Paging	n	-
pain	NOUN	Schmerz	m	Schmerzen
pair	NOUN	Paar	n	Paare
paper	NOUN	Artikel	m	Artikel		cs
paper	NOUN	Papier	n	Papiere
paperwork	NOUN	Papierkram	m	-
paradigm	NOUN	Paradigma	n	Paradigmen
paradox	NOUN	Paradox	n	Paradoxe
paragraph	NOUN	Absatz	m	Absätze
parallel	NOUN	Parallele	f	Parallelen
parameter	NOUN	Parameter	m	Parameter
parent	NOUN	Elternteil	m	Eltern
parliament	NOUN	Parlament	n	Parlamente
parody	NOUN	Parodie	f	Parodien
parser	NOUN	Parser	m	Parser
parsing	NOUN	Parsing	n	-
part	NOUN	Teil	m	Teile
participant	NOUN	Teilnehmer	m	Teilnehmer
partner	NOUN	Partner	m	Partner
party	NOUN	Partei	f	Parteien
passage	NOUN	Passage	f	Passagen
passion	NOUN	Leidenschaft	f	Leidenschaften
password	NOUN	Passwort	n	Passwörter
past	NOUN	Vergangenheit	f	-
path	NOUN	Pfad	m	Pfade
patience	NOUN	Geduld	f	-
pattern	NOUN	Muster	n	Muster
peace	NOUN	Frieden	m	-	gen=Friedens
pen	NOUN	Feder	f	Federn
people	NOUN	Menschen	pl	Menschen
perception	NOUN	Wahrnehmung	f	Wahrnehmungen
performance	NOUN	Leistung	f	Leistungen		cs
performance	NOUN	Aufführung	f	Aufführungen		lit
performance	NOUN	Leistung	f	Leistungen
period	NOUN	Zeitraum	m	Zeiträume
peripheral	NOUN	Peripheriegerät	n	Peripheriegeräte
permission	NOUN	Berechtigung	f	Berechtigungen
persecution	NOUN	Verfolgung	f	Verfolgungen
person	NOUN	Person	f	Personen
personality	NOUN	Persönlichkeit	f	Persönlichkeiten
perspective	NOUN	Perspektive	f	Perspektiven
perversion	NOUN	Perversion	f	Perversionen
phase	NOUN	Phase	f	Phasen
phenomenon	NOUN	Phänomen	n	Phänomene
philosopher	NOUN	Philosoph	m	Philosophen	weak
philosophy	NOUN	Philosophie	f	Philosophien
phone	NOUN	Telefon	n	Telefone
photograph	NOUN	Foto	n	Fotos
phrase	NOUN	Phrase	f	Phrasen
piece	NOUN	Stück	n	Stücke
pipeline	NOUN	Pipeline	f	Pipelines
place	NOUN	Ort	m	Orte
plan	NOUN	Plan	m	Pläne
platform	NOUN	Plattform	f	Plattformen
play	NOUN	Theaterstück	n	Theaterstücke		lit
play	NOUN	Spiel	n	Spiele
playwright	NOUN	Dramatiker	m	Dramatiker
pleasure	NOUN	Vergnügen	n	Vergnügen
plot	NOUN	Handlung	f	Handlungen		lit
plot	NOUN	Diagramm	n	Diagramme
poem	NOUN	Gedicht	n	Gedichte
poet	NOUN	Dichter	m	Dichter
poetry	NOUN	Dichtung	f	-
point	NOUN	Punkt	m	Punkte
pointer	NOUN	Zeiger	m	Zeiger
police	NOUN	Polizei	f	-
policy	NOUN	Richtlinie	f	Richtlinien		cs
policy	NOUN	Politik	f	-
politics	NOUN	Politik	f	-
poll	NOUN	Umfrage	f	Umfragen
population	NOUN	Bevölkerung	f	Bevölkerungen
port	NOUN	Anschluss	m	Anschlüsse		cs
port	NOUN	Hafen	m	Häfen
portrait	NOUN	Porträt	n	Porträts
position	NOUN	Position	f	Positionen
possession	NOUN	Besitz	m	-
possibility	NOUN	Möglichkeit	f	Möglichkeiten
poverty	NOUN	Armut	f	-
power	NOUN	Macht	f	Mächte
practice	NOUN	Praxis	f	-
precision	NOUN	Präzision	f	-
prediction	NOUN	Vorhersage	f	Vorhersagen
preference	NOUN	Vorliebe	f	Vorlieben
prejudice	NOUN	Vorurteil	n	Vorurteile
prepossession	NOUN	Voreingenommenheit	f	-
preprocessor	NOUN	Präprozessor	m	Präprozessoren
presence	NOUN	Anwesenheit	f	-
pressure	NOUN	Druck	m	-
price	NOUN	Preis	m	Preise
pride	NOUN	Stolz	m	-
priest	NOUN	Priester	m	Priester
prince	NOUN	Prinz	m	Prinzen	weak
principle	NOUN	Prinzip	n	Prinzipien
print	NOUN	Druck	m	Drucke
printer	NOUN	Drucker	m	Drucker
priority	NOUN	Priorität	f	Prioritäten
prison	NOUN	Gefängnis	n	Gefängnisse
privacy	NOUN	Privatsphäre	f	-
privilege	NOUN	Privileg	n	Privilegien
probability	NOUN	Wahrscheinlichkeit	f	Wahrscheinlichkeiten
problem	NOUN	Problem	n	Probleme
procedure	NOUN	Verfahren	n	Verfahren
process	NOUN	Prozess	m	Prozesse
processing	NOUN	Verarbeitung	f	-
processor	NOUN	Prozessor	m	Prozessoren
product	NOUN	Produkt	n	Produkte
production	NOUN	Produktion	f	Produktionen
productivity	NOUN	Produktivität	f	-
profession	NOUN	Beruf	m	Berufe
professional	NOUN	Fachkraft	f	Fachkräfte
professor	NOUN	Professor	m	Professoren
profit	NOUN	Gewinn	m	Gewinne
program	NOUN	Programm	n	Programme
programme	NOUN	Programm	n	Programme
programmer	NOUN	Programmierer	m	Programmierer
programming	NOUN	Programmierung	f	-	cf=Programmier
progress	NOUN	Fortschritt	m	Fortschritte
progression	NOUN	Entwicklung	f	Entwicklungen
project	NOUN	Projekt	n	Projekte
promise	NOUN	Versprechen	n	Versprechen
proof	NOUN	Beweis	m	Beweise
propaganda	NOUN	Propaganda	f	-
property	NOUN	Eigentum	n	-		lit
property	NOUN	Eigenschaft	f	Eigenschaften
prophet	NOUN	Prophet	m	Propheten	weak
proposal	NOUN	Vorschlag	m	Vorschläge
prose	NOUN	Prosa	f	-
prosperity	NOUN	Wohlstand	m	-
protagonist	NOUN	Protagonist	m	Protagonisten	weak
protection	NOUN	Schutz	m	-
protocol	NOUN	Protokoll	n	Protokolle
prototype	NOUN	Prototyp	m	Prototypen
province	NOUN	Provinz	f	Provinzen
psychologist	NOUN	Psychologe	m	Psychologen	weak
psychology	NOUN	Psychologie	f	-
public	NOUN	Öffentlichkeit	f	-
publication	NOUN	Veröffentlichung	f	Veröffentlichungen
publisher	NOUN	Verleger	m	Verleger
punishment	NOUN	Strafe	f	Strafen
purgatory	NOUN	Fegefeuer	n	-
purpose	NOUN	Zweck	m	Zwecke
pursuit	NOUN	Streben	n	-
quality	NOUN	Qualität	f	Qualitäten
quantity	NOUN	Menge	f	Mengen
query	NOUN	Abfrage	f	Abfragen
question	NOUN	Frage	f	Fragen
queue	NOUN	Warteschlange	f	Warteschlangen
quote	NOUN	Zitat	n	Zitate
quotation	NOUN	Zitat	n	Zitate
race	NOUN	Rasse	f	Rassen
range	NOUN	Bereich	m	Bereiche
rank	NOUN	Rang	m	Ränge
rate	NOUN	Rate	f	Raten
reader	NOUN	Leser	m	Leser
reading	NOUN	Lektüre	f	Lektüren
real-time	NOUN	Echtzeit	f	-
realism	NOUN	Realismus	m	-
reality	NOUN	Realität	f	Realitäten
reason	NOUN	Grund	m	Gründe
reasoning	NOUN	Schlussfolgerung	f	Schlussfolgerungen
rebellion	NOUN	Rebellion	f	Rebellionen
rebelliousness	NOUN	Aufsässigkeit	f	-
reception	NOUN	Rezeption	f	-
recognition	NOUN	Erkennung	f	-		cs
recognition	NOUN	Anerkennung	f	-
record	NOUN	Datensatz	m	Datensätze		cs
record	NOUN	Aufzeichnung	f	Aufzeichnungen
recovery	NOUN	Wiederherstellung	f	-
recursion	NOUN	Rekursion	f	Rekursionen
reference	NOUN	Verweis	m	Verweise
reflection	NOUN	Reflexion	f	Reflexionen
reform	NOUN	Reform	f	Reformen
reformation	NOUN	Reformation	f	-
reformer	NOUN	Reformator	m	Reformatoren
regimentation	NOUN	Reglementierung	f	Reglementierungen
region	NOUN	Region	f	Regionen
register	NOUN	Register	n	Register
regret	NOUN	Bedauern	n	-
regulation	NOUN	Vorschrift	f	Vorschriften
relation	NOUN	Beziehung	f	Beziehungen
relationship	NOUN	Beziehung	f	Beziehungen
relative	NOUN	Verwandter	m	Verwandte
relativist	NOUN	Relativist	m	Relativisten	weak
release	NOUN	Veröffentlichung	f	Veröffentlichungen
reliability	NOUN	Zuverlässigkeit	f	-
religion	NOUN	Religion	f	Religionen
reluctance	NOUN	Widerwille	m	-	weak;gen=Widerwillens
repercussion	NOUN	Auswirkung	f	Auswirkungen
report	NOUN	Bericht	m	Berichte
representation	NOUN	Darstellung	f	Darstellungen
reprint	NOUN	Nachdruck	m	Nachdrucke
reputation	NOUN	Ruf	m	-
request	NOUN	Anfrage	f	Anfragen
requirement	NOUN	Anforderung	f	Anforderungen
research	NOUN	Forschung	f	Forschungen
researcher	NOUN	Forscher	m	Forscher
resistance	NOUN	Widerstand	m	-
resolution	NOUN	Auflösung	f	Auflösungen
resource	NOUN	Ressource	f	Ressourcen
respect	NOUN	Respekt	m	-
response	NOUN	Antwort	f	Antworten
responsibility	NOUN	Verantwortung	f	-
restriction	NOUN	Einschränkung	f	Einschränkungen
result	NOUN	Ergebnis	n	Ergebnisse
retelling	NOUN	Nacherzählung	f	Nacherzählungen
revenge	NOUN	Rache	f	-
review	NOUN	Rezension	f	Rezensionen		lit
review	NOUN	Überprüfung	f	Überprüfungen
revision	NOUN	Überarbeitung	f	Überarbeitungen
revival	NOUN	Wiederbelebung	f	Wiederbelebungen
revolution	NOUN	Revolution	f	Revolutionen
reward	NOUN	Belohnung	f	Belohnungen
rewriter	NOUN	Umschreiber	m	Umschreiber
right	NOUN	Recht	n	Rechte
risk	NOUN	Risiko	n	Risiken
rite	NOUN	Ritus	m	Riten
rival	NOUN	Rivale	m	Rivalen	weak
river	NOUN	Fluss	m	Flüsse
rnn	NOUN	RNN	n	RNNs
road	NOUN	Straße	f	Straßen
robot	NOUN	Roboter	m	Roboter
robotics	NOUN	Robotik	f	-
role	NOUN	Rolle	f	Rollen
romance	NOUN	Romanze	f	Romanzen
room	NOUN	Zimmer	n	Zimmer
root	NOUN	Wurzel	f	Wurzeln
router	NOUN	Router	m	Router
routine	NOUN	Routine	f	Routinen
rule	NOUN	Regel	f	Regeln
running	NOUN	Ausführung	f	-
sacrifice	NOUN	Opfer	n	Opfer
safety	NOUN	Sicherheit	f	-
sample	NOUN	Probe	f	Proben
satire	NOUN	Satire	f	Satiren
scale	NOUN	Maßstab	m	Maßstäbe
scandal	NOUN	Skandal	m	Skandale
scene	NOUN	Szene	f	Szenen
scepticism	NOUN	Skepsis	f	-
skepticism	NOUN	Skepsis	f	-
schedule	NOUN	Zeitplan	m	Zeitpläne
scheduler	NOUN	Scheduler	m	Scheduler
scheduling	NOUN	Ablaufplanung	f	-
scheme	NOUN	Schema	n	Schemata
scholar	NOUN	Wissenschaftler	m	Wissenschaftler
school	NOUN	Schule	f	Schulen
science	NOUN	Wissenschaft	f	Wissenschaften
scientist	NOUN	Wissenschaftler	m	Wissenschaftler
scope	NOUN	Umfang	m	-
screen	NOUN	Bildschirm	m	Bildschirme
script	NOUN	Skript	n	Skripte
sea	NOUN	Meer	n	Meere
search	NOUN	Suche	f	Suchen	cf=Such
season	NOUN	Jahreszeit	f	Jahreszeiten
secret	NOUN	Geheimnis	n	Geheimnisse
section	NOUN	Abschnitt	m	Abschnitte
sector	NOUN	Sektor	m	Sektoren
security	NOUN	Sicherheit	f	-
segment	NOUN	Segment	n	Segmente
segmentation	NOUN	Segmentierung	f	Segmentierungen
selection	NOUN	Auswahl	f	-
self	NOUN	Selbst	n	-
self-knowledge	NOUN	Selbsterkenntnis	f	-
semantics	NOUN	Semantik	f	-
sense	NOUN	Sinn	m	Sinne
sensitivity	NOUN	Sensibilität	f	-
sentence	NOUN	Satz	m	Sätze
sentiment	NOUN	Gefühl	n	Gefühle
sequel	NOUN	Fortsetzung	f	Fortsetzungen
sequence	NOUN	Folge	f	Folgen
series	NOUN	Reihe	f	Reihen
servant	NOUN	Diener	m	Diener
server	NOUN	Server	m	Server
service	NOUN	Dienst	m	Dienste
session	NOUN	Sitzung	f	Sitzungen
set	NOUN	Menge	f	Mengen
setting	NOUN	Schauplatz	m	Schauplätze		lit
setting	NOUN	Einstellung	f	Einstellungen
sexuality	NOUN	Sexualität	f	-
shame	NOUN	Scham	f	-
shape	NOUN	Form	f	Formen
share	NOUN	Anteil	m	Anteile
sharing	NOUN	Teilen	n	-
ship	NOUN	Schiff	n	Schiffe
side	NOUN	Seite	f	Seiten
sign	NOUN	Zeichen	n	Zeichen
signal	NOUN	Signal	n	Signale
significance	NOUN	Bedeutung	f	-
silence	NOUN	Schweigen	n	-
similarity	NOUN	Ähnlichkeit	f	Ähnlichkeiten
simulation	NOUN	Simulation	f	Simulationen
sin	NOUN	Sünde	f	Sünden
singleton	NOUN	Singleton	n	Singletons
sister	NOUN	Schwester	f	Schwestern
situation	NOUN	Situation	f	Situationen
size	NOUN	Größe	f	Größen
skill	NOUN	Fähigkeit	f	Fähigkeiten
slaughter-house	NOUN	Schlachthaus	n	Schlachthäuser
slave	NOUN	Sklave	m	Sklaven	weak
smartphone	NOUN	Smartphone	n	Smartphones
society	NOUN	Gesellschaft	f	Gesellschaften
software	NOUN	Software	f	-	cf=Software
solace	NOUN	Trost	m	-
soldier	NOUN	Soldat	m	Soldaten	weak
solitude	NOUN	Einsamkeit	f	-
solution	NOUN	Lösung	f	Lösungen
son	NOUN	Sohn	m	Söhne
song	NOUN	Lied	n	Lieder
sort	NOUN	Art	f	Arten
soul	NOUN	Seele	f	Seelen
sound	NOUN	Klang	m	Klänge
source	NOUN	Quelle	f	Quellen	cf=Quell
space	NOUN	Raum	m	Räume
speaker	NOUN	Sprecher	m	Sprecher
specialist	NOUN	Spezialist	m	Spezialisten	weak
specification	NOUN	Spezifikation	f	Spezifikationen
speech	NOUN	Sprache	f	-	cf=Sprach	cs
speech	NOUN	Rede	f	Reden
speed	NOUN	Geschwindigkeit	f	Geschwindigkeiten
spirit	NOUN	Geist	m	Geister
spy	NOUN	Spion	m	Spione
stack	NOUN	Stapel	m	Stapel
stage	NOUN	Phase	f	Phasen		cs
stage	NOUN	Bühne	f	Bühnen
standard	NOUN	Standard	m	Standards
standardization	NOUN	Standardisierung	f	Standardisierungen
standing	NOUN	Ansehen	n	-
star	NOUN	Stern	m	Sterne
start	NOUN	Beginn	m	-
state	NOUN	Zustand	m	Zustände		cs
state	NOUN	Staat	m	Staaten
statement	NOUN	Anweisung	f	Anweisungen		cs
statement	NOUN	Aussage	f	Aussagen
statistic	NOUN	Statistik	f	Statistiken
statistics	NOUN	Statistik	f	-
status	NOUN	Status	m	-
step	NOUN	Schritt	m	Schritte
stick	NOUN	Stick	m	Sticks
storage	NOUN	Speicherung	f	-
store	NOUN	Speicher	m	Speicher		cs
store	NOUN	Laden	m	Läden
story	NOUN	Geschichte	f	Geschichten
strategy	NOUN	Strategie	f	Strategien
stream	NOUN	Strom	m	Ströme
strength	NOUN	Stärke	f	Stärken
string	NOUN	Zeichenkette	f	Zeichenketten		cs
string	NOUN	Schnur	f	Schnüre
structure	NOUN	Struktur	f	Strukturen
struggle	NOUN	Kampf	m	Kämpfe
student	NOUN	Student	m	Studenten	weak
study	NOUN	Studie	f	Studien
style	NOUN	Stil	m	Stile
subject	NOUN	Thema	n	Themen
subjection	NOUN	Unterwerfung	f	-
subroutine	NOUN	Unterprogramm	n	Unterprogramme
subset	NOUN	Teilmenge	f	Teilmengen
substance	NOUN	Substanz	f	Substanzen
success	NOUN	Erfolg	m	Erfolge
suffering	NOUN	Leiden	n	Leiden
suggestion	NOUN	Vorschlag	m	Vorschläge
suicide	NOUN	Selbstmord	m	Selbstmorde
summary	NOUN	Zusammenfassung	f	Zusammenfassungen
supercomputer	NOUN	Supercomputer	m	Supercomputer
superstate	NOUN	Superstaat	m	Superstaaten
supervisor	NOUN	Supervisor	m	Supervisoren
supplement	NOUN	Ergänzung	f	Ergänzungen
support	NOUN	Unterstützung	f	-
surface	NOUN	Oberfläche	f	Oberflächen
surveillance	NOUN	Überwachung	f	-
survey	NOUN	Umfrage	f	Umfragen
survival	NOUN	Überleben	n	-
suspicion	NOUN	Verdacht	m	-
symbol	NOUN	Symbol	n	Symbole
symbolism	NOUN	Symbolik	f	-
synapse	NOUN	Synapse	f	Synapsen
syntax	NOUN	Syntax	f	-
system	NOUN	System	n	Systeme
table	NOUN	Tabelle	f	Tabellen		cs
table	NOUN	Tisch	m	Tische
tale	NOUN	Erzählung	f	Erzählungen
talent	NOUN	Talent	n	Talente
talk	NOUN	Gespräch	n	Gespräche
target	NOUN	Ziel	n	Ziele
task	NOUN	Aufgabe	f	Aufgaben
teacher	NOUN	Lehrer	m	Lehrer
team	NOUN	Team	n	Teams
technique	NOUN	Technik	f	Techniken
technology	NOUN	Technologie	f	Technologien
telescreen	NOUN	Televisor	m	Televisoren
television	NOUN	Fernsehen	n	-
temptation	NOUN	Versuchung	f	Versuchungen
tendency	NOUN	Tendenz	f	Tendenzen
tension	NOUN	Spannung	f	Spannungen
term	NOUN	Begriff	m	Begriffe
terminal	NOUN	Terminal	n	Terminals
territory	NOUN	Gebiet	n	Gebiete
test	NOUN	Test	m	Tests
text	NOUN	Text	m	Texte
texture	NOUN	Textur	f	Texturen
theatre	NOUN	Theater	n	Theater
theater	NOUN	Theater	n	Theater
theft	NOUN	Diebstahl	m	Diebstähle
theme	NOUN	Thema	n	Themen
theory	NOUN	Theorie	f	Theorien
thesis	NOUN	These	f	Thesen
thing	NOUN	Ding	n	Dinge
thinking	NOUN	Denken	n	-	cf=Denk
thought	NOUN	Gedanke	m	Gedanken	weak;gen=Gedankens
thousand	NOUN	Tausend	n	Tausende
thread	NOUN	Thread	m	Threads		cs
thread	NOUN	Faden	m	Fäden
threat	NOUN	Bedrohung	f	Bedrohungen
thrill	NOUN	Nervenkitzel	m	-
throne	NOUN	Thron	m	Throne
throughput	NOUN	Durchsatz	m	-
time	NOUN	Zeit	f	Zeiten
time-series	NOUN	Zeitreihe	f	Zeitreihen
timeliness	NOUN	Aktualität	f	-
title	NOUN	Titel	m	Titel
token	NOUN	Token	n	Token
tone	NOUN	Ton	m	Töne
tool	NOUN	Werkzeug	n	Werkzeuge
toolset	NOUN	Werkzeugsatz	m	Werkzeugsätze
top	NOUN	Spitze	f	Spitzen
topic	NOUN	Thema	n	Themen
totalitarianism	NOUN	Totalitarismus	m	-
totality	NOUN	Gesamtheit	f	-
town	NOUN	Stadt	f	Städte
trade	NOUN	Handel	m	-
tradition	NOUN	Tradition	f	Traditionen
traffic	NOUN	Datenverkehr	m	-		cs
traffic	NOUN	Verkehr	m	-
tragedy	NOUN	Tragödie	f	Tragödien
training	NOUN	Training	n	Trainings	cf=Trainings
trait	NOUN	Eigenschaft	f	Eigenschaften
transaction	NOUN	Transaktion	f	Transaktionen
transformation	NOUN	Transformation	f	Transformationen		cs
transformation	NOUN	Verwandlung	f	Verwandlungen
transformer	NOUN	Transformer	m	Transformer
transition	NOUN	Übergang	m	Übergänge
translation	NOUN	Übersetzung	f	Übersetzungen
translator	NOUN	Übersetzer	m	Übersetzer
transpiler	NOUN	Transpiler	m	Transpiler
trauma	NOUN	Trauma	n	Traumata
treatment	NOUN	Behandlung	f	Behandlungen
tree	NOUN	Baum	m	Bäume
trend	NOUN	Trend	m	Trends
triad	NOUN	Triade	f	Triaden
trial	NOUN	Prozess	m	Prozesse
trust	NOUN	Vertrauen	n	-
truth	NOUN	Wahrheit	f	Wahrheiten
truthfulness	NOUN	Wahrhaftigkeit	f	-
tv	NOUN	Fernsehen	n	-
type	NOUN	Typ	m	Typen
tyranny	NOUN	Tyrannei	f	Tyranneien
umbrella	NOUN	Schirm	m	Schirme
unattainability	NOUN	Unerreichbarkeit	f	-
uncle	NOUN	Onkel	m	Onkel
understanding	NOUN	Verständnis	n	-
unit	NOUN	Einheit	f	Einheiten
unity	NOUN	Einheit	f	-
universe	NOUN	Universum	n	Universen
university	NOUN	Universität	f	Universitäten
unperson	NOUN	Unperson	f	Unpersonen
update	NOUN	Aktualisierung	f	Aktualisierungen
upheaval	NOUN	Umbruch	m	Umbrüche
url	NOUN	URL	f	URLs
usage	NOUN	Verwendung	f	Verwendungen
usb	NOUN	USB	m	-
use	NOUN	Verwendung	f	Verwendungen
user	NOUN	Benutzer	m	Benutzer
utilization	NOUN	Nutzung	f	Nutzungen
validation	NOUN	Validierung	f	Validierungen
value	NOUN	Wert	m	Werte
vanity	NOUN	Eitelkeit	f	Eitelkeiten
variable	NOUN	Variable	f	Variablen
variant	NOUN	Variante	f	Varianten
variation	NOUN	Variation	f	Variationen
variety	NOUN	Vielfalt	f	-
vector	NOUN	Vektor	m	Vektoren
vendor	NOUN	Anbieter	m	Anbieter
version	NOUN	Version	f	Versionen
victim	NOUN	Opfer	n	Opfer
video	NOUN	Video	n	Videos
view	NOUN	Ansicht	f	Ansichten
viewer	NOUN	Betrachter	m	Betrachter
village	NOUN	Dorf	n	Dörfer
violation	NOUN	Verletzung	f	Verletzungen
violence	NOUN	Gewalt	f	-
virtue	NOUN	Tugend	f	Tugenden
virus	NOUN	Virus	m	Viren
vision	NOUN	Vision	f	Visionen
vitality	NOUN	Vitalität	f	-
voice	NOUN	Stimme	f	Stimmen
volume	NOUN	Band	m	Bände		lit
volume	NOUN	Volumen	n	Volumen
vulnerability	NOUN	Schwachstelle	f	Schwachstellen
wall	NOUN	Wand	f	Wände
war	NOUN	Krieg	m	Kriege
water	NOUN	Wasser	n	-
way	NOUN	Weise	f	Weisen
weakness	NOUN	Schwäche	f	Schwächen
wealth	NOUN	Reichtum	m	Reichtümer
weapon	NOUN	Waffe	f	Waffen
web	NOUN	Web	n	-		cs
web	NOUN	Netz	n	Netze
website	NOUN	Website	f	Websites
week	NOUN	Woche	f	Wochen
weight	NOUN	Gewicht	n	Gewichte
whale	NOUN	Wal	m	Wale
whole	NOUN	Ganze	n	-
wife	NOUN	Ehefrau	f	Ehefrauen
will	NOUN	Wille	m	-	weak;gen=Willens
windfall	NOUN	Glücksfall	m	Glücksfälle
window	NOUN	Fenster	n	Fenster
winter	NOUN	Winter	m	Winter
wisdom	NOUN	Weisheit	f	-
wish	NOUN	Wunsch	m	Wünsche
woman	NOUN	Frau	f	Frauen
wonder	NOUN	Wunder	n	Wunder
word	NOUN	Wort	n	Wörter
work	NOUN	Werk	n	Werke		lit
work	NOUN	Arbeit	f	Arbeiten
worker	NOUN	Arbeiter	m	Arbeiter
workstation	NOUN	Arbeitsplatzrechner	m	Arbeitsplatzrechner
world	NOUN	Welt	f	Welten
worm	NOUN	Wurm	m	Würmer
wretch	NOUN	Wicht	m	Wichte
writer	NOUN	Schriftsteller	m	Schriftsteller
writing	NOUN	Schreiben	n	-	cf=Schreib
year	NOUN	Jahr	n	Jahre
youth	NOUN	Jugend	f	-
upbringing	NOUN	Erziehung	f	-
socialite	NOUN	Gesellschaftsdame	f	Gesellschaftsdamen
scholarship	NOUN	Forschung	f	Forschungen
romance	NOUN	Liebesroman	m	Liebesromane		lit
