# Прилагательные. Столбцы: en	pos	de	gender	plural	extra	domain
# Немецкое прилагательное — в краткой форме; окончания и степени сравнения ставит синтез.
# extra: prep=für+A — управление («responsible for» → «verantwortlich für»); prep=+D — дополнение без предлога
#        в дательном падеже («similar to X» → «X ähnlich»).
able	ADJ	fähig
absolute	ADJ	absolut
abstract	ADJ	abstrakt
absurd	ADJ	absurd
academic	ADJ	akademisch
acceptable	ADJ	akzeptabel
accessible	ADJ	zugänglich
accurate	ADJ	genau
active	ADJ	aktiv
actual	ADJ	tatsächlich
acute	ADJ	akut
adaptive	ADJ	adaptiv
additional	ADJ	zusätzlich
adequate	ADJ	angemessen
administrative	ADJ	administrativ
advanced	ADJ	fortgeschritten
adverse	ADJ	nachteilig
aesthetic	ADJ	ästhetisch
afraid	ADJ	ängstlich
aged	ADJ	alt
aggressive	ADJ	aggressiv
alive	ADJ	lebendig
ambiguous	ADJ	mehrdeutig
ambitious	ADJ	ehrgeizig
ambivalent	ADJ	ambivalent
american	ADJ	amerikanisch
analog	ADJ	analog
analogous	ADJ	analog
analytical	ADJ	analytisch
analytic	ADJ	analytisch
anatomical	ADJ	anatomisch
ancient	ADJ	antik
angry	ADJ	wütend
annual	ADJ	jährlich
anonymous	ADJ	anonym
apparent	ADJ	offensichtlich
applicable	ADJ	anwendbar
appropriate	ADJ	angemessen
approximate	ADJ	ungefähr
arbitrary	ADJ	beliebig
architectural	ADJ	architektonisch
aristocratic	ADJ	aristokratisch
artificial	ADJ	künstlich
artistic	ADJ	künstlerisch
asynchronous	ADJ	asynchron
attractive	ADJ	attraktiv
authentic	ADJ	authentisch
automated	ADJ	automatisiert
automatic	ADJ	automatisch
autonomous	ADJ	autonom
available	ADJ	verfügbar			prep=für+A
average	ADJ	durchschnittlich
aware	ADJ	bewusst
bad	ADJ	schlecht
basic	ADJ	grundlegend
beautiful	ADJ	schön
beneficial	ADJ	vorteilhaft
best	ADJ	best
better	ADJ	besser
big	ADJ	groß
bilingual	ADJ	zweisprachig
binary	ADJ	binär
biological	ADJ	biologisch
bitter	ADJ	bitter
black	ADJ	schwarz
blameable	ADJ	tadelnswert
blind	ADJ	blind
blue	ADJ	blau
bold	ADJ	kühn
brief	ADJ	kurz
bright	ADJ	hell
brilliant	ADJ	brillant
british	ADJ	britisch
broad	ADJ	breit
broken	ADJ	defekt				cs
broken	ADJ	gebrochen
brutal	ADJ	brutal
burial	ADJ	Begräbnis-
busy	ADJ	beschäftigt
calm	ADJ	ruhig
canadian	ADJ	kanadisch
capable	ADJ	fähig			prep=zu+D
careful	ADJ	sorgfältig
catholic	ADJ	katholisch
cellular	ADJ	zellulär
central	ADJ	zentral
certain	ADJ	bestimmt
characteristic	ADJ	charakteristisch
cheap	ADJ	billig
chief	ADJ	hauptsächlich
christian	ADJ	christlich
cinematic	ADJ	filmisch
civil	ADJ	zivil
classic	ADJ	klassisch
classical	ADJ	klassisch
clean	ADJ	sauber
clear	ADJ	klar
clever	ADJ	klug
close	ADJ	eng
cognitive	ADJ	kognitiv
cold	ADJ	kalt
collective	ADJ	kollektiv
comic	ADJ	komisch
commercial	ADJ	kommerziell
common	ADJ	verbreitet
comparable	ADJ	vergleichbar
compatible	ADJ	kompatibel			prep=mit+D
competitive	ADJ	wettbewerbsfähig
complete	ADJ	vollständig
complex	ADJ	komplex
complicated	ADJ	kompliziert
comprehensible	ADJ	verständlich
comprehensive	ADJ	umfassend
computational	ADJ	rechnerisch
concrete	ADJ	konkret
concurrent	ADJ	nebenläufig
confidential	ADJ	vertraulich
conscious	ADJ	bewusst
consequent	ADJ	folgend
conservative	ADJ	konservativ
considerable	ADJ	beträchtlich
consistent	ADJ	konsistent
constant	ADJ	konstant
contemporary	ADJ	zeitgenössisch
contextual	ADJ	kontextuell
continuous	ADJ	kontinuierlich
contrary	ADJ	gegensätzlich
conventional	ADJ	herkömmlich
convolutional	ADJ	faltend
cooperative	ADJ	kooperativ
corporate	ADJ	unternehmerisch
correct	ADJ	korrekt
corrupt	ADJ	korrupt
costly	ADJ	kostspielig
creative	ADJ	kreativ
critical	ADJ	kritisch
cruel	ADJ	grausam
crucial	ADJ	entscheidend
cultural	ADJ	kulturell
curious	ADJ	neugierig
current	ADJ	aktuell
custom	ADJ	benutzerdefiniert
daily	ADJ	täglich
dangerous	ADJ	gefährlich
dark	ADJ	dunkel
dead	ADJ	tot
dear	ADJ	lieb
decent	ADJ	anständig
deductive	ADJ	deduktiv
deep	ADJ	tief
default	ADJ	standardmäßig
defensive	ADJ	defensiv
democratic	ADJ	demokratisch
dense	ADJ	dicht
dependent	ADJ	abhängig			prep=von+D
descriptive	ADJ	beschreibend
desirable	ADJ	wünschenswert
desperate	ADJ	verzweifelt
detailed	ADJ	detailliert
deterministic	ADJ	deterministisch
devoid	ADJ	frei			prep=von+D
different	ADJ	unterschiedlich			prep=von+D
difficult	ADJ	schwierig
digital	ADJ	digital
direct	ADJ	direkt
discernible	ADJ	erkennbar
discrete	ADJ	diskret
distinct	ADJ	verschieden
distinctive	ADJ	unverwechselbar
distributed	ADJ	verteilt
diverse	ADJ	vielfältig
divine	ADJ	göttlich
domain-specific	ADJ	domänenspezifisch
domestic	ADJ	häuslich
dominant	ADJ	dominant
double	ADJ	doppelt
dramatic	ADJ	dramatisch
dual	ADJ	doppelt
due	ADJ	fällig
dynamic	ADJ	dynamisch
dystopian	ADJ	dystopisch
eager	ADJ	eifrig
early	ADJ	früh
easy	ADJ	einfach
economic	ADJ	wirtschaftlich
educational	ADJ	pädagogisch
effective	ADJ	effektiv
efficient	ADJ	effizient
elaborate	ADJ	aufwendig
elderly	ADJ	älter
electrical	ADJ	elektrisch
electronic	ADJ	elektronisch
elegant	ADJ	elegant
elemental	ADJ	elementar
elementary	ADJ	elementar
embedded	ADJ	eingebettet
emotional	ADJ	emotional
empirical	ADJ	empirisch
empty	ADJ	leer
endless	ADJ	endlos
english	ADJ	englisch
enormous	ADJ	enorm
entire	ADJ	ganz
equal	ADJ	gleich
equivalent	ADJ	gleichwertig
erroneous	ADJ	fehlerhaft
essential	ADJ	wesentlich
eternal	ADJ	ewig
ethical	ADJ	ethisch
european	ADJ	europäisch
evident	ADJ	offensichtlich
evil	ADJ	böse
exact	ADJ	genau
excellent	ADJ	hervorragend
excessive	ADJ	übermäßig
exclusive	ADJ	exklusiv
executable	ADJ	ausführbar
existential	ADJ	existenziell
existing	ADJ	bestehend
expensive	ADJ	teuer
experimental	ADJ	experimentell
explicit	ADJ	explizit
extant	ADJ	erhalten
extensible	ADJ	erweiterbar
extensive	ADJ	umfangreich
external	ADJ	extern
extra	ADJ	zusätzlich
extreme	ADJ	extrem
facial	ADJ	Gesichts-
fair	ADJ	fair
faithful	ADJ	treu
false	ADJ	falsch
familiar	ADJ	vertraut
famous	ADJ	berühmt			prep=für+A
fantastic	ADJ	fantastisch
far	ADJ	weit
fast	ADJ	schnell
fatal	ADJ	fatal
favorable	ADJ	günstig
favourable	ADJ	günstig
favorite	ADJ	Lieblings-
feasible	ADJ	machbar
female	ADJ	weiblich
feminine	ADJ	weiblich
feminist	ADJ	feministisch
fictional	ADJ	fiktiv
filial	ADJ	kindlich
final	ADJ	endgültig
financial	ADJ	finanziell
fine	ADJ	fein
finite	ADJ	endlich
firm	ADJ	fest
fixed	ADJ	fest
flexible	ADJ	flexibel
following	ADJ	folgend
foreign	ADJ	fremd
formal	ADJ	formal
former	ADJ	ehemalig
fragile	ADJ	zerbrechlich
free	ADJ	frei
french	ADJ	französisch
frequent	ADJ	häufig
fresh	ADJ	frisch
full	ADJ	voll
functional	ADJ	funktional
fundamental	ADJ	grundlegend
funny	ADJ	lustig
further	ADJ	weiter
future	ADJ	zukünftig
general	ADJ	allgemein
generic	ADJ	generisch
generous	ADJ	großzügig
gentle	ADJ	sanft
genuine	ADJ	echt
german	ADJ	deutsch
global	ADJ	global
golden	ADJ	golden
good	ADJ	gut
gothic	ADJ	gotisch
gradual	ADJ	allmählich
grammatical	ADJ	grammatisch
grand	ADJ	großartig
graphical	ADJ	grafisch
grave	ADJ	ernst
great	ADJ	groß
greek	ADJ	griechisch
green	ADJ	grün
guilty	ADJ	schuldig
happy	ADJ	glücklich
hard	ADJ	schwer
harmful	ADJ	schädlich
hasty	ADJ	voreilig
healthy	ADJ	gesund
heartless	ADJ	herzlos
heavy	ADJ	schwer
hedonistic	ADJ	hedonistisch
helpful	ADJ	hilfreich
heroic	ADJ	heldenhaft
heterogeneous	ADJ	heterogen
hidden	ADJ	verborgen
hideous	ADJ	abscheulich
hierarchical	ADJ	hierarchisch
high	ADJ	hoch
high-level	ADJ	höher				cs
historical	ADJ	historisch
historic	ADJ	historisch
holy	ADJ	heilig
honest	ADJ	ehrlich
honourable	ADJ	ehrenhaft
honorable	ADJ	ehrenhaft
hopeful	ADJ	hoffnungsvoll
hostile	ADJ	feindlich
hot	ADJ	heiß
huge	ADJ	riesig
human	ADJ	menschlich
human-readable	ADJ	menschenlesbar
humble	ADJ	bescheiden
hybrid	ADJ	hybrid
ideal	ADJ	ideal
identical	ADJ	identisch
idiomatic	ADJ	idiomatisch
ill	ADJ	krank
illegal	ADJ	illegal
imaginary	ADJ	imaginär
immediate	ADJ	unmittelbar
immense	ADJ	immens
immoral	ADJ	unmoralisch
immortal	ADJ	unsterblich
imperative	ADJ	imperativ				cs
implicit	ADJ	implizit
important	ADJ	wichtig			prep=für+A
impossible	ADJ	unmöglich
impressed	ADJ	beeindruckt
inanimate	ADJ	unbelebt
inappropriate	ADJ	unangemessen
incapable	ADJ	unfähig
incomplete	ADJ	unvollständig
incorrect	ADJ	fehlerhaft
increasing	ADJ	zunehmend
independent	ADJ	unabhängig			prep=von+D
individual	ADJ	einzeln
individualistic	ADJ	individualistisch
industrial	ADJ	industriell
ineffectual	ADJ	wirkungslos
inefficient	ADJ	ineffizient
inevitable	ADJ	unvermeidlich
infant	ADJ	kindlich
infinite	ADJ	unendlich
influential	ADJ	einflussreich
informal	ADJ	informell
initial	ADJ	anfänglich
inner	ADJ	inner
innocent	ADJ	unschuldig
innovative	ADJ	innovativ
insecure	ADJ	unsicher
intangible	ADJ	immateriell
integral	ADJ	integral
intellectual	ADJ	intellektuell
intelligent	ADJ	intelligent
intense	ADJ	intensiv
intentional	ADJ	absichtlich
interactive	ADJ	interaktiv
interchangeable	ADJ	austauschbar
interdependent	ADJ	voneinander abhängig
interested	ADJ	interessiert			prep=an+D
interesting	ADJ	interessant
interlingual	ADJ	interlingual
intermediate	ADJ	intermediär
internal	ADJ	intern
international	ADJ	international
interpersonal	ADJ	zwischenmenschlich
intimate	ADJ	innig
introspective	ADJ	introspektiv
invalid	ADJ	ungültig
invisible	ADJ	unsichtbar
irish	ADJ	irisch
ironic	ADJ	ironisch
irrelevant	ADJ	irrelevant
italian	ADJ	italienisch
iterative	ADJ	iterativ
joint	ADJ	gemeinsam
key	ADJ	zentral
kind	ADJ	freundlich
large	ADJ	groß
large-scale	ADJ	groß angelegt
late	ADJ	spät
latter	ADJ	letzter
leading	ADJ	führend
least	ADJ	geringst
left	ADJ	link
legal	ADJ	rechtlich
legitimate	ADJ	legitim
lexical	ADJ	lexikalisch
liable	ADJ	haftbar
liberal	ADJ	liberal
light	ADJ	leicht
light-weight	ADJ	leichtgewichtig
lightweight	ADJ	leichtgewichtig
likely	ADJ	wahrscheinlich
limited	ADJ	begrenzt
linear	ADJ	linear
linguistic	ADJ	linguistisch
literal	ADJ	wörtlich
literary	ADJ	literarisch
little	ADJ	klein
live	ADJ	lebendig
local	ADJ	lokal
logical	ADJ	logisch
lonely	ADJ	einsam
long	ADJ	lang
long-range	ADJ	weitreichend
long-term	ADJ	langfristig
loose	ADJ	lose
low	ADJ	niedrig
low-level	ADJ	maschinennah				cs
loyal	ADJ	treu
machine-readable	ADJ	maschinenlesbar
mad	ADJ	wahnsinnig
magic	ADJ	magisch
main	ADJ	wichtigst
major	ADJ	wichtig
male	ADJ	männlich
malicious	ADJ	bösartig
manual	ADJ	manuell
married	ADJ	verheiratet
masculine	ADJ	männlich
massive	ADJ	massiv
material	ADJ	materiell
mathematical	ADJ	mathematisch
mature	ADJ	reif
maximum	ADJ	maximal
meaningful	ADJ	sinnvoll
mechanical	ADJ	mechanisch
medical	ADJ	medizinisch
medieval	ADJ	mittelalterlich
memorable	ADJ	denkwürdig
mental	ADJ	geistig
middle	ADJ	mittler
military	ADJ	militärisch
minimal	ADJ	minimal
minimum	ADJ	minimal
minor	ADJ	gering
mobile	ADJ	mobil
moderate	ADJ	mäßig
modern	ADJ	modern
modular	ADJ	modular
monetary	ADJ	finanziell
monolithic	ADJ	monolithisch
moral	ADJ	moralisch
mortal	ADJ	sterblich
multilingual	ADJ	mehrsprachig
multiparallel	ADJ	multiparallel
multiple	ADJ	mehrere
mutual	ADJ	gegenseitig
mysterious	ADJ	geheimnisvoll
naive	ADJ	naiv
naked	ADJ	nackt
narrative	ADJ	erzählerisch
narrow	ADJ	eng
national	ADJ	national
native	ADJ	nativ				cs
native	ADJ	einheimisch
natural	ADJ	natürlich
necessary	ADJ	notwendig			prep=für+A
negative	ADJ	negativ
nervous	ADJ	nervös
neural	ADJ	neuronal
neutral	ADJ	neutral
new	ADJ	neu
nice	ADJ	schön
noble	ADJ	edel
non-linear	ADJ	nichtlinear
nonlinear	ADJ	nichtlinear
normal	ADJ	normal
notable	ADJ	bemerkenswert
noteworthy	ADJ	bemerkenswert
novel	ADJ	neuartig
numerical	ADJ	numerisch
numerous	ADJ	zahlreich
objective	ADJ	objektiv
obscure	ADJ	obskur
obvious	ADJ	offensichtlich
odd	ADJ	seltsam
official	ADJ	offiziell
old	ADJ	alt
omnipresent	ADJ	allgegenwärtig
online	ADJ	online
only	ADJ	einzig
open	ADJ	offen
open-source	ADJ	quelloffen
operational	ADJ	betrieblich
opposite	ADJ	entgegengesetzt
optimal	ADJ	optimal
optional	ADJ	optional
oral	ADJ	mündlich
ordinary	ADJ	gewöhnlich
organic	ADJ	organisch
original	ADJ	ursprünglich
orthographical	ADJ	orthografisch
outer	ADJ	äußer
overall	ADJ	gesamt
overbearing	ADJ	herrisch
own	ADJ	eigen
painful	ADJ	schmerzhaft
parallel	ADJ	parallel
partial	ADJ	teilweise
particular	ADJ	bestimmt
passionate	ADJ	leidenschaftlich
passive	ADJ	passiv
patriarchal	ADJ	patriarchalisch
peculiar	ADJ	eigentümlich
perfect	ADJ	perfekt
permanent	ADJ	dauerhaft
perpetual	ADJ	ständig
personal	ADJ	persönlich
philosophical	ADJ	philosophisch
physical	ADJ	physisch
plain	ADJ	einfach
pleased	ADJ	zufrieden
poetic	ADJ	poetisch
political	ADJ	politisch
poor	ADJ	arm
popular	ADJ	beliebt
portable	ADJ	portabel
positive	ADJ	positiv
possible	ADJ	möglich
potential	ADJ	potenziell
powerful	ADJ	leistungsfähig				cs
powerful	ADJ	mächtig
practical	ADJ	praktisch
pragmatic	ADJ	pragmatisch
precise	ADJ	präzise
predictable	ADJ	vorhersehbar
predominant	ADJ	vorherrschend
preferable	ADJ	vorzuziehen
present	ADJ	gegenwärtig
prevalent	ADJ	verbreitet
previous	ADJ	vorherig
primary	ADJ	primär
prime	ADJ	hauptsächlich
primitive	ADJ	primitiv
principal	ADJ	hauptsächlich
prior	ADJ	vorherig
private	ADJ	privat
probable	ADJ	wahrscheinlich
productive	ADJ	produktiv
professional	ADJ	professionell
profound	ADJ	tiefgreifend
progressive	ADJ	fortschrittlich
prominent	ADJ	prominent
proper	ADJ	richtig
protestant	ADJ	protestantisch
proud	ADJ	stolz			prep=auf+A
prudent	ADJ	klug
psychological	ADJ	psychologisch
public	ADJ	öffentlich
pure	ADJ	rein
quick	ADJ	schnell
quiet	ADJ	ruhig
radical	ADJ	radikal
random	ADJ	zufällig
rapid	ADJ	schnell
rare	ADJ	selten
rational	ADJ	rational
raw	ADJ	roh
ready	ADJ	bereit
real	ADJ	real
real-time	ADJ	Echtzeit-
realistic	ADJ	realistisch
reasonable	ADJ	vernünftig
recent	ADJ	jüngst
recurrent	ADJ	rekurrent
recursive	ADJ	rekursiv
red	ADJ	rot
redundant	ADJ	redundant
reflective	ADJ	nachdenklich
regular	ADJ	regelmäßig
related	ADJ	verwandt			prep=mit+D
relative	ADJ	relativ
relevant	ADJ	relevant			prep=für+A
reliable	ADJ	zuverlässig
religious	ADJ	religiös
remarkable	ADJ	bemerkenswert
remote	ADJ	entfernt
repressive	ADJ	repressiv
responsible	ADJ	verantwortlich			prep=für+A
restrictive	ADJ	restriktiv
reusable	ADJ	wiederverwendbar
reverse	ADJ	umgekehrt
rich	ADJ	reich
right	ADJ	richtig
rigid	ADJ	starr
riotous	ADJ	ausgelassen
robust	ADJ	robust
romantic	ADJ	romantisch
rough	ADJ	grob
royal	ADJ	königlich
rural	ADJ	ländlich
sacred	ADJ	heilig
sad	ADJ	traurig
safe	ADJ	sicher
same	ADJ	gleich
sapient	ADJ	weise
satirical	ADJ	satirisch
sceptical	ADJ	skeptisch
skeptical	ADJ	skeptisch
scientific	ADJ	wissenschaftlich
secondary	ADJ	sekundär
secret	ADJ	geheim
secure	ADJ	sicher
semantic	ADJ	semantisch
sensitive	ADJ	sensibel
sentimental	ADJ	sentimental
separate	ADJ	separat
sequential	ADJ	sequenziell
serious	ADJ	ernst
several	ADJ	mehrere
severe	ADJ	schwer
sexual	ADJ	sexuell
shared	ADJ	gemeinsam
sharp	ADJ	scharf
short	ADJ	kurz
significant	ADJ	erheblich
silent	ADJ	still
similar	ADJ	ähnlich			prep=+D
simple	ADJ	einfach
simultaneous	ADJ	gleichzeitig
sincere	ADJ	aufrichtig
single	ADJ	einzeln
slow	ADJ	langsam
small	ADJ	klein
smart	ADJ	intelligent
social	ADJ	sozial
soft	ADJ	weich
solid	ADJ	solide
sophisticated	ADJ	ausgefeilt
soulless	ADJ	seelenlos
spanish	ADJ	spanisch
spatial	ADJ	räumlich
special	ADJ	besonder
special-purpose	ADJ	spezialisiert
specialized	ADJ	spezialisiert
specific	ADJ	spezifisch			prep=für+A
speculative	ADJ	spekulativ
spiritual	ADJ	spirituell
stable	ADJ	stabil
standard	ADJ	Standard-
static	ADJ	statisch
statistical	ADJ	statistisch
steady	ADJ	stetig
stochastic	ADJ	stochastisch
straightforward	ADJ	unkompliziert
strange	ADJ	seltsam
strategic	ADJ	strategisch
strict	ADJ	streng
strong	ADJ	stark
structural	ADJ	strukturell
structured	ADJ	strukturiert
stupid	ADJ	dumm
subject	ADJ	unterworfen			prep=+D
subjective	ADJ	subjektiv
subjectivistic	ADJ	subjektivistisch
subsequent	ADJ	nachfolgend
substantial	ADJ	wesentlich
subtle	ADJ	subtil
subversive	ADJ	subversiv
successful	ADJ	erfolgreich
successive	ADJ	aufeinanderfolgend
sudden	ADJ	plötzlich
sufficient	ADJ	ausreichend
suitable	ADJ	geeignet			prep=für+A
superficial	ADJ	oberflächlich
superior	ADJ	überlegen			prep=+D
supernatural	ADJ	übernatürlich
supervised	ADJ	überwacht
sure	ADJ	sicher
surprising	ADJ	überraschend
suspicious	ADJ	misstrauisch
symbolic	ADJ	symbolisch
synchronous	ADJ	synchron
syntactic	ADJ	syntaktisch
systematic	ADJ	systematisch
tangible	ADJ	greifbar
technical	ADJ	technisch
technological	ADJ	technologisch
temporary	ADJ	temporär
terrible	ADJ	schrecklich
textual	ADJ	textuell
theoretical	ADJ	theoretisch
thick	ADJ	dick
thin	ADJ	dünn
tight	ADJ	eng
tiny	ADJ	winzig
tonal	ADJ	tonal
total	ADJ	gesamt
totalitarian	ADJ	totalitär
traditional	ADJ	traditionell
tragic	ADJ	tragisch
transgressive	ADJ	grenzüberschreitend
transparent	ADJ	transparent
true	ADJ	wahr
trustworthy	ADJ	vertrauenswürdig
typical	ADJ	typisch			prep=für+A
ugly	ADJ	hässlich
ultimate	ADJ	letztendlich
unable	ADJ	unfähig
unauthorized	ADJ	unbefugt
uncertain	ADJ	ungewiss
unclear	ADJ	unklar
unconscious	ADJ	unbewusst
undetected	ADJ	unentdeckt
unexpected	ADJ	unerwartet
unfair	ADJ	ungerecht
unhappy	ADJ	unglücklich
uniform	ADJ	einheitlich
unique	ADJ	einzigartig
universal	ADJ	universell
unknown	ADJ	unbekannt
unlawful	ADJ	rechtswidrig
unlikely	ADJ	unwahrscheinlich
unnecessary	ADJ	unnötig
unofficial	ADJ	inoffiziell
unorthodox	ADJ	unorthodox
unrealizable	ADJ	unerfüllbar
unrealized	ADJ	unverwirklicht
unrelated	ADJ	unabhängig
unruly	ADJ	widerspenstig
unspecified	ADJ	unbestimmt
unsupervised	ADJ	unüberwacht
unusual	ADJ	ungewöhnlich
upper	ADJ	ober
urban	ADJ	städtisch
useful	ADJ	nützlich			prep=für+A
useless	ADJ	nutzlos
usual	ADJ	üblich
utopian	ADJ	utopisch
valid	ADJ	gültig
valuable	ADJ	wertvoll
variable	ADJ	variabel
various	ADJ	verschieden
vast	ADJ	riesig
verbal	ADJ	verbal
victorian	ADJ	viktorianisch
violent	ADJ	gewalttätig
virtual	ADJ	virtuell
visible	ADJ	sichtbar
visual	ADJ	visuell
vital	ADJ	lebenswichtig
voluntary	ADJ	freiwillig
vulnerable	ADJ	verwundbar
warm	ADJ	warm
weak	ADJ	schwach
wealthy	ADJ	wohlhabend
web-accessible	ADJ	über das Web zugänglich
well-known	ADJ	bekannt
white	ADJ	weiß
whole	ADJ	ganz
wicked	ADJ	böse
wide	ADJ	breit
widespread	ADJ	weit verbreitet
wild	ADJ	wild
wise	ADJ	weise
wonderful	ADJ	wunderbar
worse	ADJ	schlechter
worst	ADJ	schlechtest
worthy	ADJ	würdig
written	ADJ	schriftlich
wrong	ADJ	falsch
young	ADJ	jung
youthful	ADJ	jugendlich
higher-level	ADJ	höher				cs
lower-level	ADJ	maschinennäher				cs
state-of-the-art	ADJ	modernst
so-called	ADJ	sogenannt
well-defined	ADJ	wohldefiniert
machine-specific	ADJ	maschinenspezifisch
platform-independent	ADJ	plattformunabhängig
imperative	ADJ	unerlässlich
principled	ADJ	prinzipientreu
humiliating	ADJ	demütigend
elizabethan	ADJ	elisabethanisch
shakespearean	ADJ	shakespearesch
entailed	ADJ	als Fideikommiss gebunden
